Rank,Score
1,0.52043
2,0.52816
3,0.53571
4,0.53583
5,0.53604
6,0.54433
7,0.54643
8,0.54688
9,0.54705
10,0.54747
11,0.5489
12,0.54979
13,0.5504
14,0.55156
15,0.55175
16,0.55182
17,0.55241
18,0.5549
19,0.55619
20,0.5569
21,0.55724
22,0.55757
23,0.55757
24,0.55778
25,0.55895
26,0.55899
27,0.56047
28,0.5613
29,0.56151
30,0.56322
31,0.56364
32,0.56438
33,0.56649
34,0.5666
35,0.56746
36,0.56785
37,0.568
38,0.5683
39,0.56983
40,0.56988
41,0.57013
42,0.57017
43,0.57092
44,0.57352
45,0.57378
46,0.57457
47,0.57461
48,0.57591
49,0.57594
50,0.57599
51,0.57606
52,0.57644
53,0.57727
54,0.57734
55,0.57835
56,0.57844
57,0.57902
58,0.57967
59,0.57987
60,0.58067
61,0.58128
62,0.58176
63,0.58215
64,0.58235
65,0.5827
66,0.583
67,0.58415
68,0.58469
69,0.58592
70,0.58788
71,0.58822
72,0.58878
73,0.58974
74,0.58981
75,0.58992
76,0.58997
77,0.58997
78,0.59036
79,0.59168
80,0.59181
81,0.59222
82,0.59223
83,0.59306
84,0.59326
85,0.59338
86,0.59363
87,0.59415
88,0.59526
89,0.59552
90,0.59628
91,0.59643
92,0.5969
93,0.59761
94,0.5978
95,0.59781
96,0.59817
97,0.59846
98,0.59858
99,0.59909
100,0.59995
101,0.60024
102,0.60101
103,0.60304
104,0.60305
105,0.60329
106,0.60369
107,0.60402
108,0.6044
109,0.60446
110,0.60465
111,0.60466
112,0.60511
113,0.60526
114,0.6058
115,0.60608
116,0.60658
117,0.60664
118,0.60678
119,0.60693
120,0.60746
121,0.60807
122,0.60818
123,0.60825
124,0.60827
125,0.60829
126,0.60837
127,0.60865
128,0.60869
129,0.60939
130,0.60942
131,0.60947
132,0.60991
133,0.60991
134,0.61004
135,0.61025
136,0.6103
137,0.61036
138,0.61046
139,0.61053
140,0.61125
141,0.61144
142,0.61193
143,0.61211
144,0.61226
145,0.61232
146,0.61242
147,0.61321
148,0.61324
149,0.61366
150,0.61373
151,0.61436
152,0.61446
153,0.61476
154,0.61516
155,0.61518
156,0.61519
157,0.61533
158,0.61545
159,0.616
160,0.61603
161,0.61605
162,0.61607
163,0.61611
164,0.61661
165,0.61661
166,0.6174
167,0.6174
168,0.61821
169,0.61833
170,0.61889
171,0.61892
172,0.6194
173,0.61948
174,0.61974
175,0.61976
176,0.61978
177,0.62019
178,0.62033
179,0.62097
180,0.62142
181,0.6218
182,0.62185
183,0.62252
184,0.6226
185,0.62277
186,0.62303
187,0.62315
188,0.62315
189,0.62341
190,0.62414
191,0.62435
192,0.62491
193,0.62494
194,0.62508
195,0.62541
196,0.62555
197,0.62561
198,0.62599
199,0.62621
200,0.62643
201,0.62667
202,0.62736
203,0.62779
204,0.62789
205,0.62814
206,0.62815
207,0.62825
208,0.62908
209,0.62976
210,0.63007
211,0.63026
212,0.63051
213,0.63068
214,0.6313
215,0.63155
216,0.63176
217,0.63187
218,0.63197
219,0.63205
220,0.6321
221,0.63216
222,0.63244
223,0.6325
224,0.63285
225,0.63332
226,0.63375
227,0.63399
228,0.63408
229,0.63487
230,0.63614
231,0.63623
232,0.63633
233,0.63649
234,0.63655
235,0.63671
236,0.63686
237,0.63694
238,0.63694
239,0.63694
240,0.63694
241,0.63694
242,0.63694
243,0.63694
244,0.63694
245,0.63694
246,0.63712
247,0.63729
248,0.6373
249,0.63737
250,0.63772
251,0.63778
252,0.63799
253,0.63831
254,0.6385
255,0.63854
256,0.63892
257,0.63961
258,0.63976
259,0.63982
260,0.63985
261,0.64
262,0.64036
263,0.64071
264,0.6408
265,0.6413
266,0.64179
267,0.64201
268,0.64238
269,0.64264
270,0.64265
271,0.64306
272,0.64319
273,0.6432
274,0.64377
275,0.64421
276,0.64426
277,0.6443
278,0.64433
279,0.64435
280,0.64451
281,0.64506
282,0.64517
283,0.64539
284,0.64541
285,0.64542
286,0.64574
287,0.64582
288,0.6462
289,0.64623
290,0.64629
291,0.64637
292,0.64645
293,0.64654
294,0.64668
295,0.64691
296,0.64703
297,0.64708
298,0.64735
299,0.64767
300,0.64793
301,0.64799
302,0.64804
303,0.6481
304,0.64844
305,0.64848
306,0.64856
307,0.649
308,0.64902
309,0.64949
310,0.64959
311,0.65
312,0.65076
313,0.65078
314,0.6509
315,0.65099
316,0.65112
317,0.6512
318,0.65208
319,0.65232
320,0.65276
321,0.65333
322,0.65388
323,0.6544
324,0.65459
325,0.65469
326,0.65474
327,0.65532
328,0.65611
329,0.65612
330,0.65619
331,0.65779
332,0.65832
333,0.65833
334,0.65855
335,0.65884
336,0.65952
337,0.65961
338,0.65974
339,0.6602
340,0.66029
341,0.6608
342,0.66086
343,0.66108
344,0.66132
345,0.66135
346,0.66142
347,0.66148
348,0.66152
349,0.66154
350,0.66173
351,0.66262
352,0.66284
353,0.66313
354,0.66315
355,0.66331
356,0.66346
357,0.66355
358,0.66386
359,0.66408
360,0.66418
361,0.66423
362,0.66424
363,0.66432
364,0.66439
365,0.66444
366,0.66465
367,0.66468
368,0.66473
369,0.66488
370,0.66493
371,0.66508
372,0.66544
373,0.66557
374,0.66561
375,0.66593
376,0.66596
377,0.66602
378,0.6661
379,0.6662
380,0.66626
381,0.66627
382,0.66628
383,0.66644
384,0.66671
385,0.66695
386,0.66712
387,0.66738
388,0.66751
389,0.66751
390,0.66768
391,0.66769
392,0.6678
393,0.66801
394,0.66812
395,0.66842
396,0.66843
397,0.66845
398,0.66862
399,0.66883
400,0.66893
401,0.66904
402,0.66908
403,0.66927
404,0.66934
405,0.66936
406,0.66937
407,0.6694
408,0.6694
409,0.66958
410,0.66962
411,0.66968
412,0.67005
413,0.67042
414,0.67064
415,0.67078
,0.67098
416,0.67119
417,0.67154
418,0.67158
419,0.67183
420,0.67262
421,0.67286
422,0.67305
423,0.67309
424,0.67322
425,0.67369
426,0.67381
427,0.67422
428,0.67439
429,0.67466
430,0.67474
431,0.67485
432,0.67522
433,0.67536
434,0.67538
435,0.67543
436,0.67551
437,0.67552
438,0.67575
439,0.67578
440,0.67579
441,0.67579
442,0.6758
443,0.67601
444,0.67604
445,0.67629
446,0.67635
447,0.6764
448,0.67643
449,0.6765
450,0.67671
451,0.67676
452,0.67681
453,0.67696
454,0.677
455,0.67707
456,0.67709
457,0.67749
458,0.67779
459,0.67782
460,0.67785
461,0.67794
462,0.67794
463,0.678
464,0.67807
465,0.67821
466,0.67829
467,0.67845
468,0.67863
469,0.67864
470,0.67873
,0.67906
471,0.67907
472,0.67951
473,0.6797
474,0.67983
475,0.68014
476,0.68021
477,0.68034
478,0.68044
479,0.68052
480,0.68059
481,0.68071
482,0.68081
483,0.68092
484,0.68102
485,0.68102
486,0.68102
487,0.68119
,0.68161
488,0.68247
489,0.68265
490,0.68297
491,0.68307
492,0.68392
493,0.68427
494,0.68467
495,0.68493
496,0.68498
497,0.68505
498,0.68519
499,0.6853
500,0.68575
501,0.68587
502,0.68593
503,0.68603
504,0.6861
505,0.6863
506,0.68638
507,0.68677
508,0.68698
509,0.68716
510,0.68783
511,0.68869
512,0.68873
513,0.68919
514,0.6895
515,0.68961
516,0.68975
517,0.6903
518,0.69033
519,0.69049
,0.69061
520,0.69092
521,0.6911
522,0.69165
523,0.69197
524,0.69202
525,0.69245
526,0.69275
527,0.69302
528,0.69351
529,0.69372
530,0.69373
531,0.69378
532,0.69384
533,0.6939
534,0.69398
535,0.69474
536,0.69478
537,0.69501
538,0.69506
539,0.69598
540,0.69603
541,0.69623
542,0.69667
543,0.69674
544,0.69683
545,0.69687
546,0.6969
547,0.69752
548,0.69797
549,0.69818
550,0.69846
551,0.69852
552,0.69855
553,0.69876
554,0.69918
555,0.69934
556,0.69981
557,0.69988
558,0.70032
559,0.70036
560,0.70055
561,0.70078
562,0.70113
563,0.70189
564,0.70234
565,0.70268
566,0.70328
567,0.70355
568,0.70368
569,0.7038
570,0.70395
571,0.70429
572,0.70436
573,0.70451
574,0.70451
575,0.70457
576,0.70458
577,0.70477
578,0.70493
579,0.70516
580,0.70524
581,0.70532
582,0.70546
583,0.70551
584,0.70593
585,0.70596
586,0.70619
587,0.70627
588,0.70654
589,0.70655
590,0.7068
591,0.70684
592,0.70692
593,0.70692
594,0.70714
595,0.70719
596,0.70728
597,0.70735
598,0.70757
599,0.7078
600,0.70793
601,0.70806
602,0.70821
603,0.70906
604,0.70935
605,0.70979
606,0.70989
607,0.71013
608,0.71013
609,0.71037
610,0.71041
611,0.71076
612,0.71088
613,0.71103
614,0.71126
615,0.71142
616,0.71146
617,0.71222
618,0.7125
619,0.71254
620,0.71257
621,0.71263
622,0.71266
623,0.71281
624,0.71324
625,0.71351
626,0.71359
627,0.71387
628,0.71413
629,0.71484
630,0.71496
631,0.71504
632,0.71515
633,0.71515
634,0.7155
635,0.71567
636,0.71579
637,0.71589
638,0.7159
639,0.71609
640,0.71703
641,0.71711
642,0.71723
643,0.7174
644,0.71749
645,0.71804
646,0.71815
647,0.71829
648,0.71847
649,0.71847
650,0.71881
651,0.71899
652,0.71944
653,0.71946
654,0.71947
655,0.71979
656,0.71986
657,0.71986
658,0.72013
659,0.72028
,0.72042
660,0.72086
661,0.72093
662,0.72115
663,0.72207
664,0.72246
665,0.72261
,0.72272
666,0.7229
667,0.72291
668,0.72307
669,0.72323
670,0.72393
671,0.72411
672,0.7245
673,0.72467
674,0.72471
675,0.72479
676,0.7253
677,0.72531
678,0.72535
679,0.72552
680,0.72569
681,0.72578
682,0.72616
683,0.72631
684,0.72639
685,0.72667
686,0.72682
687,0.72682
688,0.72682
689,0.72682
690,0.72682
691,0.72682
692,0.72682
693,0.72682
694,0.72682
695,0.72682
696,0.72682
697,0.72682
698,0.72682
699,0.72682
700,0.72682
701,0.72682
702,0.72682
703,0.72682
704,0.72682
705,0.72682
706,0.72682
707,0.72682
708,0.72682
709,0.72682
710,0.72682
711,0.72682
712,0.72682
713,0.72682
714,0.72682
715,0.72699
716,0.72702
717,0.72713
718,0.72761
719,0.72779
720,0.72798
721,0.72804
722,0.72841
723,0.7286
724,0.7286
725,0.72879
726,0.7288
727,0.72939
728,0.72943
729,0.72949
730,0.72966
731,0.72979
732,0.72991
733,0.73013
734,0.73031
735,0.73033
736,0.73089
737,0.73102
738,0.73116
739,0.7314
740,0.73164
741,0.73165
742,0.73174
743,0.73176
744,0.73183
745,0.73205
746,0.73211
747,0.7324
748,0.73255
749,0.73262
750,0.73273
751,0.73281
752,0.73286
753,0.73316
754,0.73325
755,0.73377
756,0.73401
757,0.73426
758,0.73435
759,0.73461
760,0.73489
761,0.73512
762,0.73578
763,0.73587
764,0.7359
765,0.73608
766,0.7362
767,0.7362
768,0.73653
769,0.73654
770,0.73664
771,0.7367
772,0.73678
773,0.73678
774,0.73682
775,0.73685
776,0.73694
777,0.73702
778,0.73703
779,0.73725
780,0.73746
781,0.73761
782,0.73811
783,0.73835
784,0.73843
785,0.73883
786,0.73885
787,0.73885
788,0.73887
789,0.73909
790,0.73922
791,0.73942
792,0.73993
793,0.74076
794,0.7408
795,0.74099
796,0.74103
797,0.74129
798,0.74143
799,0.74161
800,0.74168
801,0.74177
802,0.742
803,0.74201
804,0.74202
805,0.74202
806,0.74202
807,0.74218
808,0.74258
809,0.74265
810,0.74275
811,0.74276
812,0.743
813,0.74303
814,0.74305
815,0.74305
816,0.74323
817,0.74408
818,0.74414
819,0.74416
820,0.74443
821,0.7447
822,0.7447
823,0.74502
,0.74513
824,0.74542
825,0.74553
826,0.74553
827,0.7456
828,0.74588
829,0.74607
830,0.74617
831,0.74627
832,0.74633
833,0.74689
834,0.747
835,0.74708
836,0.74715
837,0.74739
838,0.74743
839,0.7475
840,0.7475
841,0.74752
842,0.74755
843,0.74773
844,0.74778
845,0.74786
846,0.74787
847,0.74788
848,0.7479
849,0.74808
850,0.74811
851,0.74853
852,0.74897
853,0.74898
854,0.74907
855,0.7491
856,0.74963
857,0.74969
858,0.74973
859,0.74976
860,0.74986
861,0.74986
862,0.74986
863,0.7499
864,0.74992
865,0.75002
866,0.75007
867,0.75017
868,0.7502
869,0.7503
870,0.7504
871,0.75045
872,0.75046
873,0.75067
874,0.75075
875,0.7508
876,0.75106
877,0.75116
878,0.75117
879,0.75142
880,0.75182
881,0.75183
882,0.75184
883,0.75185
884,0.75186
885,0.75196
886,0.75209
887,0.75213
888,0.75222
889,0.75223
890,0.75223
891,0.75228
892,0.75232
893,0.75236
894,0.75238
895,0.75244
896,0.75274
897,0.7528
898,0.75299
899,0.75323
900,0.75325
901,0.75329
902,0.7534
903,0.75341
904,0.75351
905,0.75353
906,0.7536
907,0.75361
908,0.75362
909,0.75376
910,0.75381
911,0.7539
912,0.75391
913,0.75405
914,0.75406
915,0.7541
916,0.7541
917,0.7541
918,0.7541
919,0.7541
920,0.7541
921,0.7541
922,0.7541
923,0.7541
924,0.7541
925,0.7541
926,0.7541
927,0.7541
928,0.7541
929,0.7541
930,0.7541
931,0.7541
932,0.7541
933,0.7541
934,0.7541
935,0.7541
936,0.7541
937,0.7541
938,0.7541
939,0.7541
940,0.7541
941,0.7541
942,0.7541
943,0.7541
944,0.7541
945,0.7541
946,0.7541
947,0.75414
948,0.75414
949,0.75414
950,0.75414
951,0.75414
952,0.75414
953,0.75417
954,0.75419
955,0.7542
956,0.7542
957,0.7542
958,0.7542
959,0.7542
960,0.7542
961,0.7542
962,0.75422
963,0.75422
964,0.75437
965,0.75437
966,0.7544
967,0.7544
968,0.7544
969,0.7544
970,0.7544
971,0.7544
972,0.7544
973,0.7544
974,0.7544
975,0.7544
976,0.7544
977,0.7544
978,0.7544
979,0.7544
980,0.7544
981,0.7544
982,0.7544
983,0.7544
984,0.7544
985,0.7544
986,0.7544
987,0.7544
988,0.7544
989,0.7544
990,0.7544
991,0.7544
992,0.7544
993,0.7544
994,0.7544
995,0.7544
996,0.7544
997,0.7544
998,0.75443
999,0.75448
1000,0.75449
1001,0.7545
1002,0.75457
1003,0.75474
1004,0.75475
1005,0.75477
1006,0.75481
1007,0.75499
1008,0.75505
1009,0.7551
1010,0.75512
1011,0.75512
1012,0.75512
1013,0.75512
1014,0.75512
1015,0.75512
1016,0.75512
1017,0.75512
1018,0.75512
1019,0.75512
1020,0.75512
1021,0.75512
1022,0.75512
1023,0.75512
1024,0.75513
1025,0.75514
1026,0.75523
1027,0.75523
1028,0.75523
1029,0.75523
1030,0.75533
1031,0.75536
1032,0.75537
1033,0.75539
1034,0.75539
1035,0.7554
1036,0.7554
1037,0.75541
1038,0.75542
1039,0.75544
1040,0.75551
1041,0.75553
1042,0.75553
1043,0.75559
1044,0.75563
1045,0.75567
1046,0.75567
1047,0.75569
1048,0.75569
1049,0.75569
1050,0.75569
1051,0.75569
1052,0.75569
1053,0.75571
1054,0.75577
1055,0.75578
1056,0.75578
1057,0.7558
1058,0.75588
1059,0.75588
1060,0.75588
1061,0.75589
1062,0.75591
1063,0.75592
1064,0.75606
1065,0.75608
1066,0.75609
1067,0.75611
1068,0.75613
1069,0.75614
1070,0.75614
1071,0.75614
1072,0.75621
1073,0.75629
1074,0.75631
1075,0.75636
1076,0.75637
1077,0.75645
1078,0.75649
1079,0.75657
1080,0.7567
1081,0.75672
1082,0.75673
1083,0.75689
1084,0.75691
1085,0.75691
1086,0.75691
1087,0.75692
1088,0.75695
1089,0.75695
1090,0.75695
1091,0.75695
1092,0.75695
1093,0.757
1094,0.75702
1095,0.75702
1096,0.75705
1097,0.75717
1098,0.75717
1099,0.75718
1100,0.75719
1101,0.75719
1102,0.75722
1103,0.75727
1104,0.75733
1105,0.7574
1106,0.75746
1107,0.75747
1108,0.75752
1109,0.75753
1110,0.75754
1111,0.75754
1112,0.75771
1113,0.75771
1114,0.75772
1115,0.75781
1116,0.75783
1117,0.75791
1118,0.75801
1119,0.75803
1120,0.75806
1121,0.75807
1122,0.75813
1123,0.75817
1124,0.75818
1125,0.75818
1126,0.75818
1127,0.75818
1128,0.75818
1129,0.75818
1130,0.75818
1131,0.75818
1132,0.75818
1133,0.75818
1134,0.75818
1135,0.75818
1136,0.75818
1137,0.75818
1138,0.75818
1139,0.75818
1140,0.75818
1141,0.75818
1142,0.75818
1143,0.75818
1144,0.75818
1145,0.75818
1146,0.75818
1147,0.75819
1148,0.75826
1149,0.7583
1150,0.75839
1151,0.75845
1152,0.75848
1153,0.75849
1154,0.75851
1155,0.75857
1156,0.75859
1157,0.75859
1158,0.75859
1159,0.75862
1160,0.75863
1161,0.75864
1162,0.75865
1163,0.75867
1164,0.75867
1165,0.75868
1166,0.75871
1167,0.75871
1168,0.75871
1169,0.75876
1170,0.75876
1171,0.75878
1172,0.75884
1173,0.75889
1174,0.75889
1175,0.7589
1176,0.75894
1177,0.75898
1178,0.75899
1179,0.759
1180,0.75912
1181,0.75916
1182,0.75917
1183,0.75918
1184,0.75925
1185,0.75928
1186,0.7593
1187,0.7593
1188,0.7593
1189,0.75931
1190,0.75939
1191,0.7594
1192,0.75942
1193,0.75946
1194,0.75946
1195,0.75946
1196,0.75946
1197,0.75946
1198,0.75946
1199,0.75946
1200,0.75946
1201,0.75946
1202,0.75946
1203,0.75946
1204,0.75946
1205,0.75946
1206,0.75946
1207,0.75946
1208,0.75946
1209,0.75946
1210,0.75946
1211,0.75946
1212,0.75946
1213,0.75946
1214,0.75946
1215,0.75946
1216,0.75946
1217,0.75946
1218,0.75946
1219,0.75946
1220,0.75946
1221,0.75946
1222,0.75946
1223,0.75946
1224,0.75946
1225,0.75946
1226,0.75946
1227,0.75946
1228,0.75946
1229,0.75946
1230,0.75946
1231,0.75946
1232,0.75946
1233,0.75946
1234,0.75946
1235,0.75946
1236,0.75946
1237,0.75946
1238,0.75946
1239,0.75946
1240,0.75946
1241,0.75946
1242,0.75946
1243,0.75946
1244,0.75946
1245,0.75946
1246,0.75946
1247,0.75946
1248,0.75946
1249,0.75946
1250,0.75946
1251,0.75946
1252,0.75946
1253,0.75946
1254,0.75946
1255,0.75946
1256,0.75946
1257,0.75946
1258,0.75946
1259,0.75946
1260,0.75946
1261,0.75946
1262,0.75946
1263,0.75946
1264,0.75946
1265,0.75946
1266,0.75946
1267,0.75946
1268,0.75946
1269,0.75946
1270,0.75946
1271,0.75946
1272,0.75946
1273,0.75946
1274,0.75946
1275,0.75946
1276,0.75946
1277,0.75946
1278,0.75946
1279,0.75946
1280,0.75946
1281,0.75946
1282,0.75946
1283,0.75946
1284,0.75946
1285,0.75946
1286,0.75946
1287,0.75946
1288,0.75946
1289,0.75946
1290,0.75946
1291,0.75946
1292,0.75946
1293,0.75946
1294,0.75946
1295,0.75946
1296,0.75946
1297,0.75946
1298,0.75946
1299,0.75946
1300,0.75946
1301,0.75946
1302,0.75946
1303,0.75946
1304,0.75946
1305,0.75946
1306,0.75946
1307,0.75946
1308,0.75946
1309,0.75946
1310,0.75946
1311,0.75946
1312,0.75946
1313,0.75946
1314,0.75946
1315,0.75946
1316,0.75946
1317,0.75946
1318,0.75948
1319,0.75948
1320,0.75952
1321,0.75952
1322,0.75952
1323,0.75952
1324,0.75952
1325,0.75952
1326,0.75955
1327,0.75956
1328,0.75956
1329,0.7596
1330,0.75969
1331,0.75969
1332,0.75971
1333,0.7598
1334,0.7598
1335,0.75984
1336,0.75991
1337,0.75998
1338,0.75998
1339,0.75998
1340,0.75998
1341,0.75998
1342,0.75998
1343,0.75998
1344,0.75998
1345,0.76002
1346,0.76002
1347,0.76002
1348,0.76003
1349,0.76004
1350,0.76005
1351,0.76005
1352,0.76006
1353,0.76013
1354,0.76015
1355,0.76017
1356,0.76022
1357,0.76022
1358,0.76031
1359,0.76031
1360,0.76034
1361,0.76039
1362,0.76041
1363,0.76047
1364,0.76053
1365,0.76056
1366,0.7606
1367,0.7606
1368,0.76062
1369,0.76069
1370,0.76069
1371,0.76069
1372,0.76078
1373,0.76085
1374,0.76085
1375,0.76085
1376,0.76086
1377,0.76086
1378,0.76092
1379,0.76096
1380,0.76103
1381,0.76103
1382,0.76104
1383,0.76104
1384,0.76109
1385,0.76113
1386,0.76115
1387,0.76115
1388,0.76118
1389,0.76119
1390,0.76124
1391,0.76125
1392,0.76128
1393,0.76128
1394,0.76131
1395,0.76132
1396,0.76134
1397,0.76138
1398,0.76142
1399,0.76153
1400,0.76156
1401,0.76156
1402,0.76156
1403,0.76158
1404,0.76166
1405,0.76167
1406,0.76167
1407,0.76167
1408,0.76167
1409,0.76167
1410,0.76167
1411,0.76167
1412,0.76167
1413,0.76168
1414,0.76169
1415,0.76171
1416,0.76171
1417,0.76171
1418,0.76171
1419,0.76171
1420,0.76171
1421,0.76172
1422,0.76173
1423,0.76173
1424,0.76173
1425,0.76174
1426,0.76174
1427,0.76174
1428,0.76174
1429,0.76174
1430,0.76174
1431,0.76174
1432,0.76174
1433,0.76178
1434,0.76185
1435,0.76185
1436,0.76186
1437,0.76187
1438,0.76195
1439,0.762
1440,0.762
1441,0.762
1442,0.76205
1443,0.76205
1444,0.76205
1445,0.7621
1446,0.76212
1447,0.76215
1448,0.7622
1449,0.76221
1450,0.76225
1451,0.7623
1452,0.76233
1453,0.76234
1454,0.76234
1455,0.76234
1456,0.76234
1457,0.76234
1458,0.76234
1459,0.76234
1460,0.76235
1461,0.76235
1462,0.76239
1463,0.76244
1464,0.76251
1465,0.76252
1466,0.76256
1467,0.76259
1468,0.76263
1469,0.76263
1470,0.76265
1471,0.76269
1472,0.76269
1473,0.76269
1474,0.76275
1475,0.76279
1476,0.76282
1477,0.76282
1478,0.76289
1479,0.7629
1480,0.76297
1481,0.76297
1482,0.76301
1483,0.76301
1484,0.76305
1485,0.76309
1486,0.76311
1487,0.76313
1488,0.76316
1489,0.76317
1490,0.76318
1491,0.76318
1492,0.76318
1493,0.76318
1494,0.76318
1495,0.76318
1496,0.76318
1497,0.76318
1498,0.76322
1499,0.76322
1500,0.76327
1501,0.76333
1502,0.76334
1503,0.76334
1504,0.76334
1505,0.76334
1506,0.76334
1507,0.76334
1508,0.76334
1509,0.76334
1510,0.76334
1511,0.76334
1512,0.76336
1513,0.76336
1514,0.76339
1515,0.7634
1516,0.76341
1517,0.76343
1518,0.76347
1519,0.76361
1520,0.76377
1521,0.76378
1522,0.7638
1523,0.7638
1524,0.76389
1525,0.76392
1526,0.76399
1527,0.764
1528,0.764
1529,0.76403
1530,0.76408
1531,0.76413
1532,0.76416
1533,0.76424
1534,0.76425
1535,0.76431
1536,0.76439
1537,0.76441
1538,0.76442
1539,0.76444
1540,0.76445
1541,0.76445
1542,0.76448
1543,0.76449
1544,0.76468
1545,0.76474
1546,0.76474
1547,0.76477
1548,0.76478
1549,0.7648
1550,0.76481
1551,0.76494
1552,0.76496
1553,0.76497
1554,0.76507
1555,0.76518
1556,0.76525
1557,0.76532
1558,0.76535
1559,0.76536
1560,0.76537
1561,0.76547
1562,0.76551
1563,0.76562
1564,0.7657
1565,0.76579
1566,0.76589
1567,0.76589
1568,0.76592
1569,0.76607
1570,0.76615
1571,0.76625
1572,0.76634
1573,0.76635
1574,0.76635
1575,0.76642
1576,0.76649
1577,0.7665
1578,0.7665
1579,0.76657
1580,0.76657
1581,0.76661
1582,0.76682
1583,0.76682
1584,0.76702
1585,0.76719
1586,0.76732
1587,0.76747
1588,0.76752
1589,0.76753
1590,0.76758
1591,0.76765
1592,0.76808
1593,0.76808
1594,0.76816
1595,0.76824
1596,0.7683
1597,0.76877
1598,0.76877
1599,0.76887
1600,0.76927
1601,0.76947
1602,0.7695
1603,0.76952
1604,0.76957
1605,0.76966
1606,0.76972
1607,0.76974
1608,0.76978
1609,0.76981
1610,0.76987
1611,0.76989
1612,0.76989
1613,0.7703
1614,0.7703
1615,0.77031
1616,0.77033
1617,0.77048
1618,0.77053
1619,0.77061
1620,0.77061
1621,0.77061
1622,0.77061
1623,0.77077
1624,0.77081
1625,0.77095
1626,0.77096
1627,0.77096
1628,0.77096
1629,0.77096
1630,0.77096
1631,0.77096
1632,0.77096
1633,0.77096
1634,0.77116
1635,0.77116
1636,0.77116
1637,0.77116
1638,0.77116
1639,0.77116
1640,0.77116
1641,0.77117
1642,0.77117
1643,0.77117
1644,0.77117
1645,0.77117
1646,0.77117
1647,0.77153
1648,0.77155
1649,0.7716
1650,0.77162
1651,0.77182
1652,0.77185
1653,0.77193
1654,0.77199
1655,0.77199
1656,0.77199
1657,0.77215
1658,0.77224
1659,0.77224
1660,0.77249
1661,0.77267
1662,0.77269
1663,0.77271
1664,0.77283
1665,0.7729
1666,0.77299
1667,0.77302
1668,0.7731
1669,0.7731
1670,0.77311
1671,0.77316
1672,0.77321
1673,0.77328
1674,0.77331
1675,0.77334
1676,0.77335
1677,0.77353
1678,0.77398
1679,0.77402
1680,0.77421
1681,0.77429
1682,0.77437
1683,0.7744
1684,0.77444
1685,0.7745
1686,0.77484
1687,0.77491
1688,0.77509
1689,0.77514
1690,0.77517
1691,0.77528
1692,0.7755
1693,0.77553
1694,0.77554
1695,0.77556
1696,0.77563
1697,0.77588
1698,0.77605
1699,0.77609
1700,0.77617
1701,0.77623
1702,0.77626
1703,0.77643
1704,0.77656
1705,0.77665
1706,0.77688
1707,0.77711
1708,0.77712
1709,0.77712
1710,0.77722
1711,0.77727
1712,0.77753
1713,0.77755
1714,0.77758
1715,0.77779
1716,0.77847
1717,0.77869
1718,0.77871
1719,0.77888
1720,0.77918
1721,0.77928
1722,0.77931
1723,0.77944
1724,0.77952
1725,0.77952
1726,0.77953
1727,0.77953
1728,0.77954
1729,0.77957
1730,0.77989
1731,0.77997
1732,0.77997
1733,0.77997
1734,0.78033
1735,0.78036
1736,0.7804
1737,0.7805
1738,0.78056
1739,0.78083
1740,0.78119
1741,0.78132
1742,0.78146
1743,0.7822
1744,0.78223
1745,0.78232
1746,0.78285
1747,0.7832
1748,0.78322
1749,0.78353
1750,0.78358
1751,0.7836
1752,0.78366
1753,0.78386
1754,0.78396
1755,0.78412
1756,0.78414
1757,0.78417
1758,0.78427
1759,0.78469
1760,0.78529
1761,0.78592
1762,0.78623
1763,0.78632
1764,0.78633
1765,0.78644
1766,0.78647
1767,0.78692
1768,0.78717
1769,0.78721
1770,0.78724
1771,0.78743
1772,0.7877
1773,0.78774
1774,0.78788
1775,0.788
1776,0.788
1777,0.78821
1778,0.78823
1779,0.78833
1780,0.78835
1781,0.78845
1782,0.78857
1783,0.7888
1784,0.78931
1785,0.7894
1786,0.78967
1787,0.7898
1788,0.79008
1789,0.79044
1790,0.7907
1791,0.79071
1792,0.79096
1793,0.79109
1794,0.79118
1795,0.79118
1796,0.79128
1797,0.79134
1798,0.79174
1799,0.79238
1800,0.79284
1801,0.79334
1802,0.79385
1803,0.79432
1804,0.79436
1805,0.79507
1806,0.79519
1807,0.79528
1808,0.79535
1809,0.79547
1810,0.7955
1811,0.79561
,0.79565
1812,0.79565
1813,0.79576
1814,0.79666
1815,0.79669
1816,0.79675
1817,0.79683
1818,0.79705
1819,0.79708
1820,0.79728
1821,0.79748
1822,0.79762
1823,0.79802
1824,0.79805
1825,0.79818
1826,0.79825
1827,0.79835
1828,0.79851
1829,0.79858
1830,0.79879
1831,0.7991
1832,0.79928
1833,0.79954
1834,0.8001
1835,0.80011
1836,0.80023
1837,0.80037
1838,0.80093
1839,0.80174
1840,0.80216
1841,0.80224
1842,0.80236
1843,0.80241
1844,0.80263
1845,0.80282
1846,0.80308
1847,0.80314
1848,0.80315
1849,0.80324
1850,0.80324
1851,0.80369
1852,0.80407
1853,0.80469
1854,0.80498
1855,0.80501
1856,0.80511
1857,0.8052
1858,0.8053
1859,0.80533
1860,0.80535
1861,0.80562
1862,0.80618
1863,0.80686
1864,0.80689
1865,0.80705
1866,0.80765
1867,0.80815
1868,0.80838
1869,0.80889
1870,0.80909
1871,0.80927
1872,0.80958
1873,0.80973
1874,0.80981
1875,0.81013
1876,0.81015
1877,0.81025
1878,0.81145
1879,0.8117
1880,0.81195
1881,0.81242
1882,0.81244
1883,0.81247
1884,0.81263
1885,0.81291
1886,0.81299
1887,0.81328
1888,0.81391
1889,0.81413
1890,0.81468
1891,0.815
1892,0.81532
1893,0.81562
1894,0.81618
1895,0.81637
1896,0.81639
1897,0.81644
1898,0.817
1899,0.81711
1900,0.81731
1901,0.81739
1902,0.8174
1903,0.81802
1904,0.81829
1905,0.81859
1906,0.81942
1907,0.81958
1908,0.81991
1909,0.82046
1910,0.82102
1911,0.82134
1912,0.82224
1913,0.82226
1914,0.82226
1915,0.82241
1916,0.82277
1917,0.82413
1918,0.82446
1919,0.82471
1920,0.82481
1921,0.82543
1922,0.82591
1923,0.82612
1924,0.82619
1925,0.82674
1926,0.82727
1927,0.82736
1928,0.82857
1929,0.82867
1930,0.82885
1931,0.82915
1932,0.82917
1933,0.82991
1934,0.83044
1935,0.83054
1936,0.83084
1937,0.83135
1938,0.83146
1939,0.8334
1940,0.83375
1941,0.83399
1942,0.83491
1943,0.83601
1944,0.83626
1945,0.8364
1946,0.83722
1947,0.83774
1948,0.83782
1949,0.8383
1950,0.83902
1951,0.83928
1952,0.8395
1953,0.83966
1954,0.84022
1955,0.84057
1956,0.84069
1957,0.84172
1958,0.84174
1959,0.84174
1960,0.84174
1961,0.84174
1962,0.84174
1963,0.84174
1964,0.84174
1965,0.84174
1966,0.84174
1967,0.84205
1968,0.84216
1969,0.84268
1970,0.84395
1971,0.844
1972,0.84423
1973,0.84452
1974,0.8452
1975,0.84522
1976,0.84528
1977,0.84581
1978,0.84613
1979,0.84636
1980,0.84663
,0.84701
1981,0.84821
1982,0.84912
1983,0.84944
1984,0.85018
1985,0.85226
1986,0.8529
1987,0.85327
1988,0.85415
1989,0.85422
1990,0.85452
1991,0.85452
1992,0.85512
1993,0.85534
1994,0.85535
1995,0.85627
1996,0.85642
1997,0.85659
1998,0.85683
1999,0.85692
2000,0.85708
2001,0.8572
2002,0.85751
2003,0.85798
2004,0.85833
2005,0.85837
2006,0.85894
2007,0.85914
2008,0.85978
2009,0.86009
2010,0.8622
2011,0.8622
2012,0.8622
2013,0.86251
2014,0.86261
2015,0.86359
2016,0.86385
2017,0.86719
2018,0.86746
2019,0.86868
2020,0.869
2021,0.86971
2022,0.87007
2023,0.8709
2024,0.87098
2025,0.87168
2026,0.87264
2027,0.87306
2028,0.87306
2029,0.87306
2030,0.87347
2031,0.87348
2032,0.87358
2033,0.87449
2034,0.87454
2035,0.87721
2036,0.87753
2037,0.878
2038,0.8782
2039,0.8782
2040,0.8782
2041,0.87974
2042,0.88003
2043,0.88043
2044,0.88058
2045,0.88077
2046,0.8814
2047,0.88211
2048,0.88247
2049,0.88334
2050,0.88339
2051,0.88424
2052,0.8852
2053,0.88544
2054,0.88557
2055,0.88608
2056,0.88621
2057,0.88746
2058,0.88817
2059,0.88857
2060,0.88898
2061,0.88898
2062,0.89142
2063,0.89561
2064,0.89562
2065,0.89562
2066,0.89562
2067,0.89562
2068,0.89562
2069,0.89562
2070,0.89562
2071,0.89562
2072,0.89562
2073,0.89562
2074,0.89562
2075,0.89562
2076,0.89562
2077,0.89562
2078,0.89562
2079,0.89562
2080,0.89562
2081,0.89562
2082,0.89562
2083,0.89628
2084,0.89808
2085,0.89894
2086,0.89938
2087,0.90155
2088,0.90257
2089,0.90425
2090,0.90446
2091,0.90492
2092,0.90633
2093,0.9072
2094,0.90732
,0.90753
2095,0.9076
2096,0.90883
2097,0.90955
2098,0.91087
2099,0.91144
2100,0.91166
2101,0.91184
2102,0.91244
2103,0.9133
2104,0.91412
2105,0.91432
2106,0.91701
2107,0.91829
2108,0.91833
2109,0.91846
2110,0.91865
2111,0.91923
2112,0.91923
2113,0.91923
2114,0.91923
2115,0.91923
2116,0.91923
2117,0.91937
2118,0.91989
2119,0.92119
2120,0.92231
2121,0.92352
2122,0.92597
2123,0.92604
2124,0.92677
2125,0.92691
2126,0.92923
2127,0.92933
2128,0.934
2129,0.934
2130,0.93814
2131,0.9383
2132,0.93873
2133,0.93939
2134,0.93993
2135,0.94058
2136,0.94098
2137,0.94145
2138,0.94354
2139,0.94381
2140,0.94434
2141,0.94464
2142,0.94516
2143,0.94534
2144,0.94674
2145,0.94687
2146,0.94687
2147,0.947
2148,0.94828
2149,0.94892
2150,0.94944
2151,0.95005
2152,0.95012
2153,0.95051
2154,0.95151
2155,0.95172
2156,0.95267
2157,0.95284
,0.9533
2158,0.95373
,0.95457
2159,0.95457
2160,0.95457
2161,0.95574
,0.95601
,0.95663
,0.95716
2162,0.95733
2163,0.9576
2164,0.95769
2165,0.95769
2166,0.95769
,0.9579
,0.95951
2167,0.96111
,0.96143
,0.96144
2168,0.96155
2169,0.96287
2170,0.96637
2171,0.96757
2172,0.96758
2173,0.96784
2174,0.96874
,0.96914
2175,0.97169
2176,0.97169
2177,0.97169
2178,0.97169
2179,0.97169
2180,0.97169
2181,0.97169
2182,0.97169
2183,0.97169
2184,0.97169
2185,0.97169
2186,0.97169
2187,0.97172
2188,0.97172
2189,0.97172
2190,0.97172
2191,0.97172
2192,0.97172
2193,0.97172
2194,0.97172
2195,0.97172
2196,0.97172
2197,0.97172
2198,0.97172
2199,0.97172
2200,0.97172
2201,0.97172
2202,0.97172
2203,0.97172
2204,0.97172
2205,0.97172
2206,0.97172
2207,0.97172
2208,0.97172
2209,0.97172
2210,0.97172
2211,0.97172
2212,0.97172
2213,0.97172
2214,0.97172
2215,0.97172
2216,0.9729
2217,0.97306
2218,0.97543
2219,0.97667
,0.97683
2220,0.97738
2221,0.97858
2222,0.97937
2223,0.97941
2224,0.97941
2225,0.98133
2226,0.98143
2227,0.98143
2228,0.98143
2229,0.9815
2230,0.98159
2231,0.98163
2232,0.98237
2233,0.98365
2234,0.98373
2235,0.98381
2236,0.98433
2237,0.98497
2238,0.98497
2239,0.98497
2240,0.9851
2241,0.98592
2242,0.98623
2243,0.9864
2244,0.9864
2245,0.98714
2246,0.98776
2247,0.98776
2248,0.98776
2249,0.98832
2250,0.98864
2251,0.98892
2252,0.98911
2253,0.98949
2254,0.98993
2255,0.99041
2256,0.99066
2257,0.99082
2258,0.99082
2259,0.99082
2260,0.99082
2261,0.99082
2262,0.99082
2263,0.99098
2264,0.9925
2265,0.99636
2266,0.99663
2267,0.99702
2268,0.99703
2269,0.9985
2270,0.99876
2271,1.00036
2272,1.00065
2273,1.00135
2274,1.00135
2275,1.00135
2276,1.00135
2277,1.00135
2278,1.00135
2279,1.00135
2280,1.00135
2281,1.00135
2282,1.00135
2283,1.00135
2284,1.00135
2285,1.00135
2286,1.00135
2287,1.00135
2288,1.00135
2289,1.00135
2290,1.00135
2291,1.00135
2292,1.00135
2293,1.00135
2294,1.00135
2295,1.00135
2296,1.00135
2297,1.00135
2298,1.00135
2299,1.00135
2300,1.00135
2301,1.00135
2302,1.00135
2303,1.00135
2304,1.00135
2305,1.00135
2306,1.00135
2307,1.00135
2308,1.00135
2309,1.00135
2310,1.00135
2311,1.00135
2312,1.00135
2313,1.00135
2314,1.00135
2315,1.00135
2316,1.00135
2317,1.00135
2318,1.00135
2319,1.00135
2320,1.00135
2321,1.00135
2322,1.00135
2323,1.00135
2324,1.00135
2325,1.00135
2326,1.00135
2327,1.00135
2328,1.00135
2329,1.00135
2330,1.00135
2331,1.00135
2332,1.00135
2333,1.00135
2334,1.00135
2335,1.00135
2336,1.00135
2337,1.00559
2338,1.00648
2339,1.00779
2340,1.00788
2341,1.00934
,1.00952
2342,1.00969
2343,1.00978
2344,1.01037
2345,1.01056
2346,1.01198
2347,1.0124
2348,1.01295
2349,1.01381
2350,1.01464
2351,1.01724
2352,1.01807
2353,1.01963
2354,1.02068
2355,1.02068
2356,1.02102
2357,1.02252
2358,1.02378
2359,1.02391
2360,1.02582
2361,1.02589
2362,1.0274
2363,1.028
2364,1.02972
2365,1.03066
2366,1.03541
2367,1.03752
2368,1.03826
2369,1.03913
2370,1.04067
2371,1.0414
2372,1.04526
2373,1.04553
2374,1.04613
2375,1.04907
2376,1.05245
2377,1.05816
2378,1.05966
2379,1.05966
2380,1.05966
2381,1.05966
2382,1.05966
2383,1.05966
2384,1.06049
2385,1.0633
2386,1.0649
2387,1.0649
2388,1.0649
2389,1.06511
,1.06513
2390,1.06579
2391,1.06774
2392,1.06834
2393,1.06939
2394,1.07001
2395,1.07042
2396,1.07215
2397,1.07292
2398,1.07317
2399,1.07456
2400,1.07498
2401,1.07654
2402,1.07903
2403,1.07945
2404,1.07967
2405,1.0801
2406,1.08341
2407,1.08456
2408,1.08542
2409,1.08671
2410,1.08674
2411,1.08687
2412,1.08731
2413,1.09267
2414,1.09286
2415,1.0942
2416,1.09609
2417,1.09635
2418,1.09692
2419,1.0974
2420,1.09903
2421,1.10022
2422,1.10818
2423,1.11551
2424,1.116
2425,1.116
2426,1.11645
2427,1.11668
2428,1.11754
2429,1.11806
2430,1.11841
,
2431,1.11929
2432,1.1196
2433,1.12035
2434,1.12186
2435,1.12892
2436,1.13186
2437,1.13368
2438,1.13454
2439,1.13545
2440,1.13677
2441,1.137
2442,1.13787
2443,1.14106
2444,1.1412
2445,1.14395
2446,1.14706
2447,1.14787
2448,1.1486
2449,1.14909
2450,1.15038
2451,1.15214
2452,1.15549
2453,1.16158
2454,1.16225
2455,1.16526
2456,1.16855
2457,1.17094
2458,1.17099
2459,1.1722
2460,1.17261
2461,1.17332
2462,1.17336
2463,1.17719
2464,1.17785
2465,1.17978
2466,1.18234
2467,1.18329
2468,1.18407
2469,1.18634
2470,1.18719
2471,1.19344
2472,1.19577
2473,1.19636
2474,1.19683
2475,1.19683
2476,1.19712
2477,1.19812
2478,1.19907
2479,1.20144
2480,1.20158
2481,1.20314
2482,1.20436
2483,1.20439
2484,1.20529
2485,1.20778
2486,1.20788
2487,1.21192
2488,1.21311
2489,1.21378
2490,1.215
2491,1.21545
2492,1.21599
2493,1.22116
2494,1.22303
2495,1.22304
2496,1.22331
2497,1.22373
2498,1.225
2499,1.2262
2500,1.22768
2501,1.22944
2502,1.23124
2503,1.23325
2504,1.23377
2505,1.23448
2506,1.24346
2507,1.24365
2508,1.24387
2509,1.24617
2510,1.2469
2511,1.25465
2512,1.25589
2513,1.25778
2514,1.26225
2515,1.26703
2516,1.27749
2517,1.28954
2518,1.2946
2519,1.2946
2520,1.3028
2521,1.31041
2522,1.31087
2523,1.31646
2524,1.3167
2525,1.32442
2526,1.3302
2527,1.33281
2528,1.33351
2529,1.34386
2530,1.35115
2531,1.35125
2532,1.35253
2533,1.35809
2534,1.36083
2535,1.36625
2536,1.36666
2537,1.3668
2538,1.36916
2539,1.36932
2540,1.37006
2541,1.382
2542,1.38309
2543,1.38537
2544,1.38562
2545,1.38729
2546,1.38893
2547,1.39011
2548,1.39451
2549,1.39631
2550,1.39631
2551,1.39631
2552,1.39778
2553,1.39885
2554,1.39885
2555,1.39885
2556,1.39885
2557,1.39885
2558,1.39885
2559,1.40312
2560,1.404
2561,1.4083
2562,1.41087
2563,1.41613
2564,1.42024
2565,1.42504
2566,1.42808
2567,1.44011
2568,1.4426
2569,1.4426
2570,1.4426
2571,1.4426
2572,1.4426
2573,1.44374
2574,1.44706
2575,1.45146
2576,1.45464
2577,1.45554
2578,1.45603
2579,1.46307
2580,1.46614
2581,1.46614
2582,1.46631
2583,1.46688
2584,1.4687
2585,1.4702
2586,1.47198
2587,1.47805
2588,1.47835
2589,1.48153
2590,1.48153
2591,1.48153
2592,1.48153
2593,1.48153
2594,1.48212
2595,1.48468
2596,1.48539
2597,1.48743
2598,1.49182
2599,1.49561
2600,1.49653
2601,1.50847
2602,1.50917
2603,1.51271
2604,1.51719
2605,1.5233
2606,1.52504
2607,1.53095
2608,1.53494
2609,1.53566
2610,1.54554
2611,1.5478
2612,1.54831
2613,1.54955
2614,1.55709
2615,1.55714
2616,1.57138
2617,1.57368
2618,1.5781
2619,1.57819
2620,1.57961
2621,1.5826
2622,1.58483
2623,1.5873
2624,1.59323
2625,1.60389
2626,1.60389
2627,1.60389
2628,1.60389
2629,1.60389
2630,1.60389
2631,1.60389
2632,1.60389
2633,1.60389
2634,1.60389
2635,1.61126
2636,1.61329
2637,1.6166
2638,1.61694
2639,1.62428
2640,1.6335
2641,1.638
2642,1.64411
2643,1.64584
2644,1.64589
2645,1.64693
2646,1.64923
2647,1.64973
2648,1.65073
2649,1.65239
2650,1.6575
2651,1.66462
2652,1.66744
2653,1.66804
2654,1.67132
2655,1.67463
2656,1.67742
2657,1.68256
2658,1.68397
2659,1.68919
2660,1.6902
2661,1.69687
2662,1.70396
2663,1.70941
2664,1.71062
2665,1.71251
2666,1.71288
2667,1.71399
2668,1.71425
2669,1.71554
2670,1.71602
2671,1.71849
2672,1.7282
2673,1.73137
2674,1.73488
2675,1.74152
2676,1.74788
2677,1.75101
,1.752
2678,1.752
2679,1.75783
2680,1.75914
2681,1.7687
2682,1.77321
2683,1.77952
2684,1.77964
2685,1.78698
2686,1.79612
2687,1.79939
2688,1.80182
2689,1.80958
2690,1.80971
2691,1.8118
2692,1.81868
2693,1.8221
2694,1.82554
2695,1.83555
2696,1.84434
2697,1.85083
2698,1.8517
2699,1.85204
2700,1.85352
2701,1.86247
2702,1.86743
2703,1.86743
2704,1.86871
2705,1.86898
2706,1.86983
2707,1.86983
2708,1.87367
2709,1.89943
2710,1.91498
2711,1.94033
2712,1.94957
2713,1.95431
2714,1.95445
2715,1.95493
2716,1.96529
2717,1.97038
2718,1.97059
2719,1.97103
2720,1.9758
2721,1.97679
2722,1.99482
2723,1.99482
2724,2.0007
2725,2.002
2726,2.02276
2727,2.03211
2728,2.03707
2729,2.04129
2730,2.04402
2731,2.05579
2732,2.06222
2733,2.075
2734,2.08065
2735,2.08447
2736,2.08577
2737,2.08639
2738,2.10435
2739,2.10916
2740,2.11527
2741,2.12398
2742,2.14014
2743,2.14407
2744,2.14633
2745,2.14987
2746,2.15037
2747,2.15945
2748,2.16348
2749,2.16444
2750,2.16585
2751,2.17794
2752,2.17876
2753,2.187
2754,2.18887
2755,2.18971
2756,2.19096
2757,2.19401
2758,2.19808
2759,2.19997
2760,2.21684
2761,2.23826
2762,2.24056
2763,2.26033
2764,2.26315
2765,2.26976
2766,2.27506
2767,2.27814
2768,2.27856
2769,2.2881
2770,2.28911
2771,2.28953
2772,2.28964
2773,2.29064
2774,2.29192
2775,2.29192
2776,2.29332
2777,2.31228
2778,2.31859
2779,2.32007
2780,2.32128
2781,2.32539
2782,2.33348
2783,2.33837
2784,2.36289
2785,2.365
2786,2.36815
2787,2.3748
2788,2.37659
2789,2.38586
2790,2.39495
2791,2.39816
2792,2.39883
2793,2.40329
2794,2.41446
2795,2.41488
2796,2.415
2797,2.41709
2798,2.41755
2799,2.41876
2800,2.43305
2801,2.44216
2802,2.44873
2803,2.45801
2804,2.46069
2805,2.46211
2806,2.47494
2807,2.47494
2808,2.47494
2809,2.47494
2810,2.47494
2811,2.47494
2812,2.47494
2813,2.47494
2814,2.47494
2815,2.47494
2816,2.47494
2817,2.47494
2818,2.47494
2819,2.47494
2820,2.47494
2821,2.47494
2822,2.47494
2823,2.47494
2824,2.47494
2825,2.47494
2826,2.47494
2827,2.47494
2828,2.47494
2829,2.47494
2830,2.47494
2831,2.47494
2832,2.47494
2833,2.47494
2834,2.47537
2835,2.47959
2836,2.48578
2837,2.4954
2838,2.4961
2839,2.51381
2840,2.51504
2841,2.51787
2842,2.52316
2843,2.53411
2844,2.53704
2845,2.53922
2846,2.54539
2847,2.54802
2848,2.54807
2849,2.55812
2850,2.55849
2851,2.56667
2852,2.56866
2853,2.57416
2854,2.57804
2855,2.58472
2856,2.59352
2857,2.59679
2858,2.61056
2859,2.61199
2860,2.61983
2861,2.63811
2862,2.63966
2863,2.64616
2864,2.64857
2865,2.65211
2866,2.65333
2867,2.65753
2868,2.65892
2869,2.66742
2870,2.67036
2871,2.67258
2872,2.68441
2873,2.68596
2874,2.68674
2875,2.68787
2876,2.69654
2877,2.69785
2878,2.70528
2879,2.71467
2880,2.71928
2881,2.72777
2882,2.7284
2883,2.74766
2884,2.77111
2885,2.77546
2886,2.78052
2887,2.78141
2888,2.78204
2889,2.78387
2890,2.78458
2891,2.78941
2892,2.78956
2893,2.79067
2894,2.7915
2895,2.79326
2896,2.79504
2897,2.79504
2898,2.79576
2899,2.80383
2900,2.80383
2901,2.80837
2902,2.8088
2903,2.82583
2904,2.83072
2905,2.83424
2906,2.83945
2907,2.84039
2908,2.84516
2909,2.86021
2910,2.86895
2911,2.8711
2912,2.90401
2913,2.90842
2914,2.9111
2915,2.92855
2916,2.93335
2917,2.93796
2918,2.95474
2919,2.95638
2920,2.95868
2921,2.95977
2922,2.96569
2923,2.97172
2924,2.97362
2925,2.98676
2926,2.98866
2927,3.02762
2928,3.04348
2929,3.04551
2930,3.04746
2931,3.06169
2932,3.06236
2933,3.06343
2934,3.06573
2935,3.07035
2936,3.07542
2937,3.07924
2938,3.09094
2939,3.11199
2940,3.11757
2941,3.12648
2942,3.13886
2943,3.14099
2944,3.1412
2945,3.16377
2946,3.17197
2947,3.19229
2948,3.2145
2949,3.21547
2950,3.21705
2951,3.22242
2952,3.22482
2953,3.22742
2954,3.22971
2955,3.25738
2956,3.28089
2957,3.2816
2958,3.2816
2959,3.28826
2960,3.2885
2961,3.29497
2962,3.30468
2963,3.30471
2964,3.30472
2965,3.30472
2966,3.30472
2967,3.30475
2968,3.30475
2969,3.30475
2970,3.30475
2971,3.30475
2972,3.30475
2973,3.30476
2974,3.30476
2975,3.30476
2976,3.30478
2977,3.3048
2978,3.3048
2979,3.3048
2980,3.31238
2981,3.32195
2982,3.32353
2983,3.33834
2984,3.34438
2985,3.35167
2986,3.3578
2987,3.36476
2988,3.36865
2989,3.38236
2990,3.38507
2991,3.38527
2992,3.40115
2993,3.40619
2994,3.40841
2995,3.41391
2996,3.41944
2997,3.4416
2998,3.44563
2999,3.46391
3000,3.46541
3001,3.46761
3002,3.47628
3003,3.47883
3004,3.49495
3005,3.49683
3006,3.51277
3007,3.52027
3008,3.54478
3009,3.5459
3010,3.55352
3011,3.55566
3012,3.57379
3013,3.5943
3014,3.5997
3015,3.60646
3016,3.63781
3017,3.6637
3018,3.6951
3019,3.70597
3020,3.74233
3021,3.75363
3022,3.7765
3023,3.82036
3024,3.82558
3025,3.82739
3026,3.8293
3027,3.83101
3028,3.8378
3029,3.84454
3030,3.86035
3031,3.86296
3032,3.8713
3033,3.87359
3034,3.87409
3035,3.88642
3036,3.89368
3037,3.90108
3038,3.90452
3039,3.92251
3040,3.98006
3041,3.98082
3042,3.98233
3043,4.08211
3044,4.08451
3045,4.08603
3046,4.08857
3047,4.09784
3048,4.11513
3049,4.13826
3050,4.14479
3051,4.14787
3052,4.15313
3053,4.19785
3054,4.22574
3055,4.22933
3056,4.27778
3057,4.30053
3058,4.30404
3059,4.30413
3060,4.32049
3061,4.3367
3062,4.35177
3063,4.35297
3064,4.36806
3065,4.36835
3066,4.40702
3067,4.42015
3068,4.43351
3069,4.43466
3070,4.47015
3071,4.52063
3072,4.53044
3073,4.5565
3074,4.56886
3075,4.59523
3076,4.59897
3077,4.60002
3078,4.60437
3079,4.62873
3080,4.6341
3081,4.63764
3082,4.65448
3083,4.74686
3084,4.75079
3085,4.75079
3086,4.75079
3087,4.75079
3088,4.7508
3089,4.75512
3090,4.75573
3091,4.76759
3092,4.76759
3093,4.76759
3094,4.76759
3095,4.76759
3096,4.76759
3097,4.76759
3098,4.76759
3099,4.76759
3100,4.76759
3101,4.76759
3102,4.76759
3103,4.76759
3104,4.76759
3105,4.76759
3106,4.76759
3107,4.76759
3108,4.76759
3109,4.76759
3110,4.76759
3111,4.76789
3112,4.76819
3113,4.76819
3114,4.76819
3115,4.76822
3116,4.76967
3117,4.7721
3118,4.7721
3119,4.7721
3120,4.78927
3121,4.79095
3122,4.79133
3123,4.79133
3124,4.79133
3125,4.80773
3126,4.81027
3127,4.82802
3128,4.83368
3129,4.84074
3130,4.84401
3131,4.85197
3132,4.86018
3133,4.86019
3134,4.86024
3135,4.86024
3136,4.86151
3137,4.86412
3138,4.86418
3139,4.8648
3140,4.86666
3141,4.86728
3142,4.87163
3143,4.87185
3144,4.87907
3145,4.87907
3146,4.88841
3147,4.88966
3148,4.89448
3149,4.90385
3150,4.91402
3151,4.91402
3152,4.91402
3153,4.91402
3154,4.91402
3155,4.91548
3156,4.9406
3157,4.97432
3158,4.98085
3159,5.00872
3160,5.02035
3161,5.02035
3162,5.02035
3163,5.02813
3164,5.11378
3165,5.12722
3166,5.12921
3167,5.1307
3168,5.15246
3169,5.18012
3170,5.19234
3171,5.19711
3172,5.20244
3173,5.20353
3174,5.20557
3175,5.20557
3176,5.20557
3177,5.20557
3178,5.20557
3179,5.20557
3180,5.20557
3181,5.20557
3182,5.20557
3183,5.20557
3184,5.20557
3185,5.20557
3186,5.21147
3187,5.22072
3188,5.23455
3189,5.23834
3190,5.24021
3191,5.24956
3192,5.25356
3193,5.25356
3194,5.25356
3195,5.25356
3196,5.25458
3197,5.25785
3198,5.25973
3199,5.26066
3200,5.27003
3201,5.27255
3202,5.27922
3203,5.28384
3204,5.28593
3205,5.29115
3206,5.3032
3207,5.30852
3208,5.32051
3209,5.32166
3210,5.32375
3211,5.32567
3212,5.32948
3213,5.33783
3214,5.33827
3215,5.34058
3216,5.34084
3217,5.34382
3218,5.35193
3219,5.35416
3220,5.35552
3221,5.35593
3222,5.35615
3223,5.35636
3224,5.35676
3225,5.35676
3226,5.35676
3227,5.35676
3228,5.35676
3229,5.35676
3230,5.35676
3231,5.35676
3232,5.35691
3233,5.35712
3234,5.35826
3235,5.36126
3236,5.36368
3237,5.36469
3238,5.36493
3239,5.36536
3240,5.36614
3241,5.36989
3242,5.37003
3243,5.37072
3244,5.37072
3245,5.37072
3246,5.37072
3247,5.37072
3248,5.37072
3249,5.37072
3250,5.37072
3251,5.37072
3252,5.37072
3253,5.37072
3254,5.37072
3255,5.37072
3256,5.37072
3257,5.37072
3258,5.37072
3259,5.37072
3260,5.37073
3261,5.37082
3262,5.37095
3263,5.37213
3264,5.37259
3265,5.37411
3266,5.3748
3267,5.37482
3268,5.37512
3269,5.37737
3270,5.37776
3271,5.37852
3272,5.37897
3273,5.38041
3274,5.38209
3275,5.3822
3276,5.38244
3277,5.38244
3278,5.38244
3279,5.38244
3280,5.38244
3281,5.38244
3282,5.38244
3283,5.38244
3284,5.38244
3285,5.38244
3286,5.38244
3287,5.38244
3288,5.38263
3289,5.38281
3290,5.38392
3291,5.38417
3292,5.38488
3293,5.38514
3294,5.38521
3295,5.38521
3296,5.38521
3297,5.38521
3298,5.38521
3299,5.38521
3300,5.38521
3301,5.38521
3302,5.38521
3303,5.38521
3304,5.38521
3305,5.38521
3306,5.38521
3307,5.38521
3308,5.38521
3309,5.38579
3310,5.38604
3311,5.38608
3312,5.38612
3313,5.38643
3314,5.38657
3315,5.38709
3316,5.38754
3317,5.38766
3318,5.3882
3319,5.38826
3320,5.38849
3321,5.38878
3322,5.38927
3323,5.38943
3324,5.38946
3325,5.38953
3326,5.39005
3327,5.39012
3328,5.39017
3329,5.39038
3330,5.39049
3331,5.39052
3332,5.39063
3333,5.39064
3334,5.39064
3335,5.39065
3336,5.39065
3337,5.39065
3338,5.39065
3339,5.39065
3340,5.39065
3341,5.39065
3342,5.39065
3343,5.39065
3344,5.39065
3345,5.39065
3346,5.39065
3347,5.39065
3348,5.39065
3349,5.39065
3350,5.39065
3351,5.39065
3352,5.39065
3353,5.39065
3354,5.39065
3355,5.39065
3356,5.39065
3357,5.39065
3358,5.39065
3359,5.39065
3360,5.39065
3361,5.39065
3362,5.39065
3363,5.39065
3364,5.39065
3365,5.39065
3366,5.39065
3367,5.39065
3368,5.39065
3369,5.39065
3370,5.39065
3371,5.39065
3372,5.39065
3373,5.39065
3374,5.39065
3375,5.39065
3376,5.39065
3377,5.39065
3378,5.39065
3379,5.39065
3380,5.39065
3381,5.39065
3382,5.39065
3383,5.39065
3384,5.39065
3385,5.39065
3386,5.39065
3387,5.39065
3388,5.39065
3389,5.39065
3390,5.39065
3391,5.39065
3392,5.39065
3393,5.39065
3394,5.39065
3395,5.39065
3396,5.39065
3397,5.39065
3398,5.39065
3399,5.39065
3400,5.39065
3401,5.39065
3402,5.39065
3403,5.39065
3404,5.39065
3405,5.39065
3406,5.39065
3407,5.39065
3408,5.39065
3409,5.39065
3410,5.39065
3411,5.39065
3412,5.39065
3413,5.39065
3414,5.39065
3415,5.39065
3416,5.39065
3417,5.39065
3418,5.39065
3419,5.39065
3420,5.39065
3421,5.39065
3422,5.39065
3423,5.39065
3424,5.39065
3425,5.39065
3426,5.39065
3427,5.39065
3428,5.39065
3429,5.39065
3430,5.39065
3431,5.39065
3432,5.39065
3433,5.39065
3434,5.39065
3435,5.39065
3436,5.39065
3437,5.39065
3438,5.39065
3439,5.39065
3440,5.39065
3441,5.39065
3442,5.39065
3443,5.39065
3444,5.39065
3445,5.39065
3446,5.39065
3447,5.39065
3448,5.39065
3449,5.39065
3450,5.39065
3451,5.39065
3452,5.39065
3453,5.39065
3454,5.39065
3455,5.39065
3456,5.39065
3457,5.39065
3458,5.39065
3459,5.39065
3460,5.39065
3461,5.39065
3462,5.39065
3463,5.39065
3464,5.39065
3465,5.39065
3466,5.39065
3467,5.39065
3468,5.39065
3469,5.39065
3470,5.39065
3471,5.39065
3472,5.39065
3473,5.39065
3474,5.39065
3475,5.39065
3476,5.39065
3477,5.39065
3478,5.39065
3479,5.39065
3480,5.39065
3481,5.39065
3482,5.39065
3483,5.39065
3484,5.39065
3485,5.39065
3486,5.39065
3487,5.39065
3488,5.39065
3489,5.39065
3490,5.39065
3491,5.39065
3492,5.39065
3493,5.39065
3494,5.39065
3495,5.39065
3496,5.39065
3497,5.39065
3498,5.39065
3499,5.39065
3500,5.39065
3501,5.39065
3502,5.39065
3503,5.39065
3504,5.39065
3505,5.39065
3506,5.39065
3507,5.39065
3508,5.39065
3509,5.39065
3510,5.39065
3511,5.39065
3512,5.39065
3513,5.39065
3514,5.39065
3515,5.39065
3516,5.39065
3517,5.39065
3518,5.39065
3519,5.39065
3520,5.39065
3521,5.39065
3522,5.39065
3523,5.39065
3524,5.39065
3525,5.39065
3526,5.39065
3527,5.39065
3528,5.39065
3529,5.39065
3530,5.39065
3531,5.39065
3532,5.39065
3533,5.39065
3534,5.39065
3535,5.39065
3536,5.39065
3537,5.39065
3538,5.39065
3539,5.39065
3540,5.39065
3541,5.39065
3542,5.39065
3543,5.39065
3544,5.39065
3545,5.39065
3546,5.39065
3547,5.39065
3548,5.39065
3549,5.39065
3550,5.39065
3551,5.39065
3552,5.39065
3553,5.39065
3554,5.39065
3555,5.39065
3556,5.39065
3557,5.39065
3558,5.39065
3559,5.39065
3560,5.39065
3561,5.39065
3562,5.39065
3563,5.39065
3564,5.39065
3565,5.39065
3566,5.39065
3567,5.39065
3568,5.39065
3569,5.39065
3570,5.39065
3571,5.39065
3572,5.39065
3573,5.39065
3574,5.39065
3575,5.39065
3576,5.39065
3577,5.39065
3578,5.39065
3579,5.39065
3580,5.39065
3581,5.39065
3582,5.39065
3583,5.39065
3584,5.39065
3585,5.39065
3586,5.39065
3587,5.39065
3588,5.39065
3589,5.39065
3590,5.39065
3591,5.39065
3592,5.39065
3593,5.39065
3594,5.39065
3595,5.39065
3596,5.39065
3597,5.39065
3598,5.39065
3599,5.39065
3600,5.39065
3601,5.39065
3602,5.39065
3603,5.39065
3604,5.39065
3605,5.39065
3606,5.39065
3607,5.39065
3608,5.39065
3609,5.39065
3610,5.39065
3611,5.39065
3612,5.39065
3613,5.39065
3614,5.39065
3615,5.39065
3616,5.39065
3617,5.39065
3618,5.39065
3619,5.39065
3620,5.39065
3621,5.39065
3622,5.39065
3623,5.39065
3624,5.39065
3625,5.39065
3626,5.39065
3627,5.39065
3628,5.39065
3629,5.39065
3630,5.39065
3631,5.39065
3632,5.39065
3633,5.39065
3634,5.39065
3635,5.39065
3636,5.39065
3637,5.39065
3638,5.39065
3639,5.39065
3640,5.39065
3641,5.39065
3642,5.39065
3643,5.39065
3644,5.39065
3645,5.39065
3646,5.39065
3647,5.39065
3648,5.39065
3649,5.39065
3650,5.39065
3651,5.39065
3652,5.39065
3653,5.39065
3654,5.39065
3655,5.39065
3656,5.39065
3657,5.39065
3658,5.39065
3659,5.39065
3660,5.39065
3661,5.39065
3662,5.39065
3663,5.39065
3664,5.39065
3665,5.39065
3666,5.39065
3667,5.39065
3668,5.39065
3669,5.39065
3670,5.39065
3671,5.39065
3672,5.39065
3673,5.39065
3674,5.39065
3675,5.39065
3676,5.39065
3677,5.39065
3678,5.39065
3679,5.39065
3680,5.39065
3681,5.39065
3682,5.39065
3683,5.39065
3684,5.39065
3685,5.39065
3686,5.39065
3687,5.39065
3688,5.39065
3689,5.39065
3690,5.39065
3691,5.39065
3692,5.39065
3693,5.39065
3694,5.39065
3695,5.39065
3696,5.39065
3697,5.39065
3698,5.39065
3699,5.39065
3700,5.39065
3701,5.39065
3702,5.39065
3703,5.39065
3704,5.39065
3705,5.39065
3706,5.39065
3707,5.39065
3708,5.39065
3709,5.39065
3710,5.39065
3711,5.39065
3712,5.39065
3713,5.39065
3714,5.39065
3715,5.39065
3716,5.39065
3717,5.39065
3718,5.39065
3719,5.39065
3720,5.39065
3721,5.39065
3722,5.39065
3723,5.39065
3724,5.39065
3725,5.39065
3726,5.39065
3727,5.39065
3728,5.39065
3729,5.39065
3730,5.39065
3731,5.39065
3732,5.39065
3733,5.39065
3734,5.39065
3735,5.39065
3736,5.39065
3737,5.39065
3738,5.39065
3739,5.39065
3740,5.39065
3741,5.39065
3742,5.39065
3743,5.39065
3744,5.39065
3745,5.39065
3746,5.39065
3747,5.39065
3748,5.39065
3749,5.39065
3750,5.39065
3751,5.39065
3752,5.39065
3753,5.39065
3754,5.39065
3755,5.39065
3756,5.39065
3757,5.39065
3758,5.39065
3759,5.39065
3760,5.39065
3761,5.39065
3762,5.39065
3763,5.39065
3764,5.39065
3765,5.39065
3766,5.39065
3767,5.39065
3768,5.39065
3769,5.39065
3770,5.39065
3771,5.39065
3772,5.39065
3773,5.39065
3774,5.39065
3775,5.39065
3776,5.39065
3777,5.39065
3778,5.39065
3779,5.39065
3780,5.39065
3781,5.39065
3782,5.39065
3783,5.39065
3784,5.39065
3785,5.39065
3786,5.39065
3787,5.39065
3788,5.39065
3789,5.39065
3790,5.39065
3791,5.39065
3792,5.39065
3793,5.39065
3794,5.39065
3795,5.39065
3796,5.39065
3797,5.39065
3798,5.39065
3799,5.39065
3800,5.39065
3801,5.39065
3802,5.39065
3803,5.39065
3804,5.39065
3805,5.39065
3806,5.39065
3807,5.39065
3808,5.39065
3809,5.39065
3810,5.39065
3811,5.39065
3812,5.39065
3813,5.39065
3814,5.39065
3815,5.39065
3816,5.39065
3817,5.39065
3818,5.39065
3819,5.39065
3820,5.39065
3821,5.39065
3822,5.39065
3823,5.39065
3824,5.39065
3825,5.39065
3826,5.39065
3827,5.39065
3828,5.39065
3829,5.39065
3830,5.39065
3831,5.39065
3832,5.39065
3833,5.39065
3834,5.39065
3835,5.39065
3836,5.39065
3837,5.39065
3838,5.39065
3839,5.39065
3840,5.39065
3841,5.39065
3842,5.39065
3843,5.39065
3844,5.39065
3845,5.39065
3846,5.39065
3847,5.39065
3848,5.39065
3849,5.39065
3850,5.39065
3851,5.39065
3852,5.39065
3853,5.39065
3854,5.39065
3855,5.39065
3856,5.39065
3857,5.39065
3858,5.39065
3859,5.39065
3860,5.39065
3861,5.39065
3862,5.39065
3863,5.39065
3864,5.39065
3865,5.39065
3866,5.39065
3867,5.39065
3868,5.39065
3869,5.39065
3870,5.39065
3871,5.39065
3872,5.39065
3873,5.39065
3874,5.39065
3875,5.39065
3876,5.39065
3877,5.39065
3878,5.39065
3879,5.39065
3880,5.39065
3881,5.39065
3882,5.39065
3883,5.39065
3884,5.39065
3885,5.39065
3886,5.39065
3887,5.39065
3888,5.39065
3889,5.39065
3890,5.39065
3891,5.39065
3892,5.39065
3893,5.39065
3894,5.39065
3895,5.39065
3896,5.39065
3897,5.39065
3898,5.39065
3899,5.39065
3900,5.39065
3901,5.39065
3902,5.39065
3903,5.39065
3904,5.39065
3905,5.39065
3906,5.39065
3907,5.39065
3908,5.39065
3909,5.39065
3910,5.39065
3911,5.39065
3912,5.39065
3913,5.39065
3914,5.39065
3915,5.39065
3916,5.39065
3917,5.39065
3918,5.39065
3919,5.39065
3920,5.39065
3921,5.39065
3922,5.39065
3923,5.39065
3924,5.39065
3925,5.39065
3926,5.39065
3927,5.39065
3928,5.39065
3929,5.39065
3930,5.39065
3931,5.39065
3932,5.39065
3933,5.39065
3934,5.39065
3935,5.39065
3936,5.39065
3937,5.39065
3938,5.39065
3939,5.39065
3940,5.39065
3941,5.39065
3942,5.39065
3943,5.39065
3944,5.39065
3945,5.39065
3946,5.39065
3947,5.39065
3948,5.39065
3949,5.39065
3950,5.39065
3951,5.39065
3952,5.39065
3953,5.39065
3954,5.39065
3955,5.39065
3956,5.39065
3957,5.39065
3958,5.39065
3959,5.39065
3960,5.39065
3961,5.39065
3962,5.39065
3963,5.39065
3964,5.39065
3965,5.39065
3966,5.39065
3967,5.39065
3968,5.39065
3969,5.39065
3970,5.39065
3971,5.39065
3972,5.39065
3973,5.39065
3974,5.39065
3975,5.39065
3976,5.39065
3977,5.39065
3978,5.39065
3979,5.39065
3980,5.39065
3981,5.39065
3982,5.39065
3983,5.39065
3984,5.39065
3985,5.39065
3986,5.39065
3987,5.39065
3988,5.39065
3989,5.39065
3990,5.39065
3991,5.39065
3992,5.39065
3993,5.39065
3994,5.39065
3995,5.39065
3996,5.39065
3997,5.39065
3998,5.39065
3999,5.39065
4000,5.39065
4001,5.39065
4002,5.39065
4003,5.39065
4004,5.39065
4005,5.39065
4006,5.39065
4007,5.39065
4008,5.39065
4009,5.39065
4010,5.39065
4011,5.39065
4012,5.39065
4013,5.39065
4014,5.39065
4015,5.39065
4016,5.39065
4017,5.39065
4018,5.39065
4019,5.39065
4020,5.39065
4021,5.39065
4022,5.39065
4023,5.39065
4024,5.39065
4025,5.39065
4026,5.39065
4027,5.39065
4028,5.39065
4029,5.39065
4030,5.39065
4031,5.39065
4032,5.39065
4033,5.39065
4034,5.39065
4035,5.39065
4036,5.39065
4037,5.39065
4038,5.39065
4039,5.39065
4040,5.39065
4041,5.39065
4042,5.39065
4043,5.39065
4044,5.39065
4045,5.39065
4046,5.39065
4047,5.39065
4048,5.39065
4049,5.39065
4050,5.39065
4051,5.39065
4052,5.39065
4053,5.39065
4054,5.39065
4055,5.39065
4056,5.39065
4057,5.39065
4058,5.39065
4059,5.39065
4060,5.39065
4061,5.39065
4062,5.39065
4063,5.39065
4064,5.39065
4065,5.39065
4066,5.39065
4067,5.39065
4068,5.39065
4069,5.39065
4070,5.39065
4071,5.39065
4072,5.39065
4073,5.39065
4074,5.39065
4075,5.39065
4076,5.39065
4077,5.39065
4078,5.39065
4079,5.39065
4080,5.39065
4081,5.39065
4082,5.39065
4083,5.39065
4084,5.39065
4085,5.39065
4086,5.39065
4087,5.39065
4088,5.39065
4089,5.39065
4090,5.39065
4091,5.39065
4092,5.39065
4093,5.39065
4094,5.39065
4095,5.39065
4096,5.39065
4097,5.39065
4098,5.39065
4099,5.39065
4100,5.39065
4101,5.39065
4102,5.39065
4103,5.39065
4104,5.39065
4105,5.39065
4106,5.39065
4107,5.39065
4108,5.39065
4109,5.39065
4110,5.39065
4111,5.39065
4112,5.39065
4113,5.39065
4114,5.39065
4115,5.39065
4116,5.39065
4117,5.39065
4118,5.39065
4119,5.39065
4120,5.39065
4121,5.39065
4122,5.39065
4123,5.39065
4124,5.39065
4125,5.39065
4126,5.39065
4127,5.39065
4128,5.39065
4129,5.39065
4130,5.39065
4131,5.39065
4132,5.39065
4133,5.39065
4134,5.39065
4135,5.39065
4136,5.39065
4137,5.39065
4138,5.39065
4139,5.39065
4140,5.39065
4141,5.39065
4142,5.39065
4143,5.39065
4144,5.39065
4145,5.39065
4146,5.39065
4147,5.39065
4148,5.39065
4149,5.39065
4150,5.39065
4151,5.39065
4152,5.39065
4153,5.39065
4154,5.39065
4155,5.39065
4156,5.39065
4157,5.39065
4158,5.39065
4159,5.39065
4160,5.39065
4161,5.39065
4162,5.39065
4163,5.39065
4164,5.39065
4165,5.39065
4166,5.39065
4167,5.39065
4168,5.39065
4169,5.39065
4170,5.39065
4171,5.39065
4172,5.39065
4173,5.39065
4174,5.39065
4175,5.39065
4176,5.39065
4177,5.39065
4178,5.39065
4179,5.39065
4180,5.39065
4181,5.39065
4182,5.39065
4183,5.39065
4184,5.39065
4185,5.39065
4186,5.39065
4187,5.39065
4188,5.39065
4189,5.39065
4190,5.39065
4191,5.39065
4192,5.39065
4193,5.39065
4194,5.39065
4195,5.39065
4196,5.39065
4197,5.39065
4198,5.39065
4199,5.39065
4200,5.39065
4201,5.39065
4202,5.39065
4203,5.39065
4204,5.39065
4205,5.39065
4206,5.39065
4207,5.39065
4208,5.39065
4209,5.39065
4210,5.39065
4211,5.39065
4212,5.39065
4213,5.39065
4214,5.39065
4215,5.39065
4216,5.39065
4217,5.39065
4218,5.39065
4219,5.39065
4220,5.39065
4221,5.39065
4222,5.39065
4223,5.39065
4224,5.39065
4225,5.39065
4226,5.39065
4227,5.39065
4228,5.39065
4229,5.39065
4230,5.39065
4231,5.39065
4232,5.39065
4233,5.39065
4234,5.39065
4235,5.39065
4236,5.39065
4237,5.39065
4238,5.39065
4239,5.39065
4240,5.39065
4241,5.39065
4242,5.39065
4243,5.39065
4244,5.39065
4245,5.39065
4246,5.39065
4247,5.39065
4248,5.39065
4249,5.39065
4250,5.39065
4251,5.39065
4252,5.39065
4253,5.39065
4254,5.39065
4255,5.39065
4256,5.39065
4257,5.39065
4258,5.39065
4259,5.39065
4260,5.39065
4261,5.39065
4262,5.39065
4263,5.39065
4264,5.39065
4265,5.39065
4266,5.39065
4267,5.39065
4268,5.39065
4269,5.39065
4270,5.39065
4271,5.39065
4272,5.39065
4273,5.39065
4274,5.39065
4275,5.39065
4276,5.39065
4277,5.39065
4278,5.39065
4279,5.39065
4280,5.39065
4281,5.39065
4282,5.39065
4283,5.39065
4284,5.39065
4285,5.39065
4286,5.39065
4287,5.39065
4288,5.39065
4289,5.39065
4290,5.39065
4291,5.39065
4292,5.39065
4293,5.39065
4294,5.39065
4295,5.39065
4296,5.39065
4297,5.39065
4298,5.39065
4299,5.39065
4300,5.39065
4301,5.39065
4302,5.39065
4303,5.39065
4304,5.39065
4305,5.39065
4306,5.39065
4307,5.39065
4308,5.39065
4309,5.39065
4310,5.39065
4311,5.39065
4312,5.39065
4313,5.39065
4314,5.39065
4315,5.39065
4316,5.39065
4317,5.39065
4318,5.39065
4319,5.39065
4320,5.39065
4321,5.39065
4322,5.39065
4323,5.39065
4324,5.39065
4325,5.39065
4326,5.39065
4327,5.39065
4328,5.39065
4329,5.39065
4330,5.39065
4331,5.39065
4332,5.39065
4333,5.39065
4334,5.39065
4335,5.39065
4336,5.39065
4337,5.39065
4338,5.39065
4339,5.39065
4340,5.39065
4341,5.39065
4342,5.39065
4343,5.39065
4344,5.39065
4345,5.39065
4346,5.39065
4347,5.39065
4348,5.39065
4349,5.39065
4350,5.39065
4351,5.39065
4352,5.39065
4353,5.39065
4354,5.39065
4355,5.39065
4356,5.39065
4357,5.39065
4358,5.39065
4359,5.39065
4360,5.39065
4361,5.39065
4362,5.39065
4363,5.39065
4364,5.39065
4365,5.39065
4366,5.39065
4367,5.39065
4368,5.39065
4369,5.39065
4370,5.39065
4371,5.39065
4372,5.39065
4373,5.39065
4374,5.39065
4375,5.39065
4376,5.39065
4377,5.39065
4378,5.39065
4379,5.39065
4380,5.39065
4381,5.39065
4382,5.39065
4383,5.39065
4384,5.39065
4385,5.39065
4386,5.39065
4387,5.39065
4388,5.39065
4389,5.39065
4390,5.39065
4391,5.39065
4392,5.39065
4393,5.39065
4394,5.39065
4395,5.39065
4396,5.39065
4397,5.39065
4398,5.39065
4399,5.39065
4400,5.39065
4401,5.39065
4402,5.39065
4403,5.39065
4404,5.39065
4405,5.39065
4406,5.39065
4407,5.39065
4408,5.39065
4409,5.39065
4410,5.39065
4411,5.39065
4412,5.39065
4413,5.39065
4414,5.39065
4415,5.39065
4416,5.39065
4417,5.39065
4418,5.39065
4419,5.39065
4420,5.39065
4421,5.39065
4422,5.39065
4423,5.39065
4424,5.39065
4425,5.39065
4426,5.39065
4427,5.39065
4428,5.39065
4429,5.39065
4430,5.39065
4431,5.39065
4432,5.39065
4433,5.39065
4434,5.39065
4435,5.39065
4436,5.39065
4437,5.39065
4438,5.39065
4439,5.39065
4440,5.39065
4441,5.39065
4442,5.39065
4443,5.39065
4444,5.39065
4445,5.39065
4446,5.39065
4447,5.39065
4448,5.39065
4449,5.39065
4450,5.39065
4451,5.39065
4452,5.39065
4453,5.39065
4454,5.39065
4455,5.39065
4456,5.39065
4457,5.39065
4458,5.39065
4459,5.39065
4460,5.39065
4461,5.39065
4462,5.39065
4463,5.39065
4464,5.39065
4465,5.39065
4466,5.39065
4467,5.39065
4468,5.39065
4469,5.39065
4470,5.39065
4471,5.39065
4472,5.39065
4473,5.39065
4474,5.39065
4475,5.39065
4476,5.39065
4477,5.39065
4478,5.39065
4479,5.39065
4480,5.39065
4481,5.39065
4482,5.39065
4483,5.39065
4484,5.39065
4485,5.39065
4486,5.39065
4487,5.39065
4488,5.39065
4489,5.39065
4490,5.39065
4491,5.39065
4492,5.39065
4493,5.39065
4494,5.39065
4495,5.39065
4496,5.39065
4497,5.39065
4498,5.39065
4499,5.39065
4500,5.39065
4501,5.39065
4502,5.39065
4503,5.39065
4504,5.39065
4505,5.39065
4506,5.39065
4507,5.39065
4508,5.39065
4509,5.39065
4510,5.39065
4511,5.39065
4512,5.39065
4513,5.39065
4514,5.39065
4515,5.39065
4516,5.39065
4517,5.39065
4518,5.39065
4519,5.39065
4520,5.39065
4521,5.39065
4522,5.39065
4523,5.39065
4524,5.39065
4525,5.39065
4526,5.39065
4527,5.39065
4528,5.39065
4529,5.39065
4530,5.39065
4531,5.39065
4532,5.39065
4533,5.39065
4534,5.39065
4535,5.39065
4536,5.39065
4537,5.39065
4538,5.39065
4539,5.39065
4540,5.39065
4541,5.39065
4542,5.39065
4543,5.39065
4544,5.39065
4545,5.39065
4546,5.39065
4547,5.39065
4548,5.39065
4549,5.39065
4550,5.39065
4551,5.39065
4552,5.39065
4553,5.39065
4554,5.39065
4555,5.39065
4556,5.39065
4557,5.39065
4558,5.39065
4559,5.39065
4560,5.39065
4561,5.39065
4562,5.39065
4563,5.39065
4564,5.39065
4565,5.39065
4566,5.39065
4567,5.39065
4568,5.39065
4569,5.39065
4570,5.39065
4571,5.39065
4572,5.39065
4573,5.39065
4574,5.39065
4575,5.39065
4576,5.39065
4577,5.39065
4578,5.39065
4579,5.39065
4580,5.39065
4581,5.39065
4582,5.39065
4583,5.39065
4584,5.39065
4585,5.39065
4586,5.39065
4587,5.39065
4588,5.39065
4589,5.39065
4590,5.39065
4591,5.39065
4592,5.39065
4593,5.39065
4594,5.39065
4595,5.39065
4596,5.39065
4597,5.39065
4598,5.39065
4599,5.39065
4600,5.39065
4601,5.39065
4602,5.39065
4603,5.39065
4604,5.39065
4605,5.39065
4606,5.39065
4607,5.39065
4608,5.39065
4609,5.39065
4610,5.39065
4611,5.39065
4612,5.39065
4613,5.39065
4614,5.39065
4615,5.39065
4616,5.39065
4617,5.39065
4618,5.39065
4619,5.39065
4620,5.39065
4621,5.39065
4622,5.39065
4623,5.39065
4624,5.39065
4625,5.39065
4626,5.39065
4627,5.39065
4628,5.39065
4629,5.39065
4630,5.39065
4631,5.39065
4632,5.39065
4633,5.39065
4634,5.39065
4635,5.39065
4636,5.39065
4637,5.39065
4638,5.39065
4639,5.39065
4640,5.39065
4641,5.39065
4642,5.39065
4643,5.39065
4644,5.39065
4645,5.39065
4646,5.39065
4647,5.39065
4648,5.39065
4649,5.39065
4650,5.39065
4651,5.39065
4652,5.39065
4653,5.39065
4654,5.39065
4655,5.39065
4656,5.39065
4657,5.39065
4658,5.39065
4659,5.39065
4660,5.39065
4661,5.39065
4662,5.39065
4663,5.39065
4664,5.39065
4665,5.39065
4666,5.39065
4667,5.39065
4668,5.39065
4669,5.39065
4670,5.39065
4671,5.39065
4672,5.39065
4673,5.39065
4674,5.39065
4675,5.39065
4676,5.39065
4677,5.39065
4678,5.39065
4679,5.39065
4680,5.39065
4681,5.39065
4682,5.39065
4683,5.39065
4684,5.39065
4685,5.39065
4686,5.39065
4687,5.39065
4688,5.39065
4689,5.39065
4690,5.39065
4691,5.39065
4692,5.39065
4693,5.39065
4694,5.39065
4695,5.39065
4696,5.39065
4697,5.39065
4698,5.39065
4699,5.39065
4700,5.39065
4701,5.39065
4702,5.39065
4703,5.39065
4704,5.39065
4705,5.39065
4706,5.39065
4707,5.39065
4708,5.39065
4709,5.39065
4710,5.39065
4711,5.39065
4712,5.39065
4713,5.39065
4714,5.39065
4715,5.39065
4716,5.39065
4717,5.39065
4718,5.39065
4719,5.39065
4720,5.39065
4721,5.39065
4722,5.39065
4723,5.39065
4724,5.39065
4725,5.39065
4726,5.39065
4727,5.39065
4728,5.39065
4729,5.39065
4730,5.39065
4731,5.39065
4732,5.39065
4733,5.39065
4734,5.39065
4735,5.39065
4736,5.39065
4737,5.39065
4738,5.39065
4739,5.39065
4740,5.39065
4741,5.39065
4742,5.39065
4743,5.39065
4744,5.39065
4745,5.39065
4746,5.39065
4747,5.39065
4748,5.39065
4749,5.39065
4750,5.39065
4751,5.39065
4752,5.39065
4753,5.39065
4754,5.39065
4755,5.39065
4756,5.39065
4757,5.39065
4758,5.39065
4759,5.39065
4760,5.39065
4761,5.39065
4762,5.39065
4763,5.39065
4764,5.39065
4765,5.39065
4766,5.39065
4767,5.39065
4768,5.39065
4769,5.39065
4770,5.39065
4771,5.39065
4772,5.39065
4773,5.39065
4774,5.39065
4775,5.39065
4776,5.39065
4777,5.39065
4778,5.39065
4779,5.39065
4780,5.39065
4781,5.39065
4782,5.39065
4783,5.39065
4784,5.39065
4785,5.39065
4786,5.39065
4787,5.39065
4788,5.39065
4789,5.39065
4790,5.39065
4791,5.39065
4792,5.39065
4793,5.39065
4794,5.39065
4795,5.39065
4796,5.39065
4797,5.39065
4798,5.39065
4799,5.39065
4800,5.39065
4801,5.39065
4802,5.39065
4803,5.39065
4804,5.39065
4805,5.39065
4806,5.39065
4807,5.39065
4808,5.39065
4809,5.39065
4810,5.39065
4811,5.39065
4812,5.39065
4813,5.39065
4814,5.39065
4815,5.39065
4816,5.39065
4817,5.39065
4818,5.39065
4819,5.39065
4820,5.39065
4821,5.39065
4822,5.39065
4823,5.39065
4824,5.39065
4825,5.39065
4826,5.39065
4827,5.39065
4828,5.39065
4829,5.39065
4830,5.39065
4831,5.39065
4832,5.39065
4833,5.39065
4834,5.39065
4835,5.39065
4836,5.39065
4837,5.39065
4838,5.39065
4839,5.39065
4840,5.39065
4841,5.39065
4842,5.39065
4843,5.39065
4844,5.39065
4845,5.39065
4846,5.39065
4847,5.39065
4848,5.39065
4849,5.39065
4850,5.39065
4851,5.39065
4852,5.39065
4853,5.39065
4854,5.39065
4855,5.39065
4856,5.39065
4857,5.39065
4858,5.39065
4859,5.39065
4860,5.39065
4861,5.39065
4862,5.39065
4863,5.39065
4864,5.39065
4865,5.39065
4866,5.39065
4867,5.39065
4868,5.39065
4869,5.39065
4870,5.39065
4871,5.39065
4872,5.39065
4873,5.39065
4874,5.39065
4875,5.39065
4876,5.39065
4877,5.39065
4878,5.39065
4879,5.39065
4880,5.39065
4881,5.39065
4882,5.39065
4883,5.39065
4884,5.39065
4885,5.39065
4886,5.39065
4887,5.39065
4888,5.39065
4889,5.39065
4890,5.39065
4891,5.39065
4892,5.39065
4893,5.39065
4894,5.39065
4895,5.39065
4896,5.39065
4897,5.39065
4898,5.39065
4899,5.39065
4900,5.39065
4901,5.39065
4902,5.39065
4903,5.39065
4904,5.39065
4905,5.39065
4906,5.39065
4907,5.39065
4908,5.39065
4909,5.39065
4910,5.39065
4911,5.39065
4912,5.39065
4913,5.39065
4914,5.39065
4915,5.39065
4916,5.39065
4917,5.39065
4918,5.39065
4919,5.39065
4920,5.39065
4921,5.39065
4922,5.39065
4923,5.39065
4924,5.39065
4925,5.39065
4926,5.39065
4927,5.39065
4928,5.39065
4929,5.39065
4930,5.39065
4931,5.39065
4932,5.39065
4933,5.39065
4934,5.39065
4935,5.39065
4936,5.39065
4937,5.39065
4938,5.39065
4939,5.39065
4940,5.39065
4941,5.39065
4942,5.39065
4943,5.39065
4944,5.39065
4945,5.39065
4946,5.39065
4947,5.39065
4948,5.39065
4949,5.39065
4950,5.39065
4951,5.39065
4952,5.39065
4953,5.39065
4954,5.39065
4955,5.39065
4956,5.39065
4957,5.39065
4958,5.39065
4959,5.39065
4960,5.39065
4961,5.39065
4962,5.39065
4963,5.39065
4964,5.39065
4965,5.39065
4966,5.39065
4967,5.39065
4968,5.39065
4969,5.39065
4970,5.39065
4971,5.39065
4972,5.39065
4973,5.39065
4974,5.39065
4975,5.39065
4976,5.39065
4977,5.39065
4978,5.39065
4979,5.39065
4980,5.39065
4981,5.39065
4982,5.39065
4983,5.39065
4984,5.39065
4985,5.39065
4986,5.39065
4987,5.39065
4988,5.39065
4989,5.39065
4990,5.39065
4991,5.39065
4992,5.39065
4993,5.39065
4994,5.39065
4995,5.39065
4996,5.39065
4997,5.39065
4998,5.39065
4999,5.39065
5000,5.39065
5001,5.39065
5002,5.39065
5003,5.39065
5004,5.39065
5005,5.39065
5006,5.39065
5007,5.39065
5008,5.39065
5009,5.39065
5010,5.39065
5011,5.39065
5012,5.39065
5013,5.39065
5014,5.39065
5015,5.39065
5016,5.39065
5017,5.39065
5018,5.39065
5019,5.39065
5020,5.39065
5021,5.39065
5022,5.39065
5023,5.39065
5024,5.39065
5025,5.39065
5026,5.39065
5027,5.39065
5028,5.39065
5029,5.39065
5030,5.39065
5031,5.39065
5032,5.39065
5033,5.39065
5034,5.39065
5035,5.39065
5036,5.39065
5037,5.39065
5038,5.39065
5039,5.39065
5040,5.39065
5041,5.39065
5042,5.39065
5043,5.39065
5044,5.39065
5045,5.39065
5046,5.39065
5047,5.39065
5048,5.39065
5049,5.39065
5050,5.39065
5051,5.39065
5052,5.39065
5053,5.39065
5054,5.39065
5055,5.39065
5056,5.39065
5057,5.39065
5058,5.39065
5059,5.39065
5060,5.39065
5061,5.39065
5062,5.39065
5063,5.39065
5064,5.39065
5065,5.39065
5066,5.39065
5067,5.39065
5068,5.39065
5069,5.39065
5070,5.39065
5071,5.39065
5072,5.39065
5073,5.39065
5074,5.39065
5075,5.39065
5076,5.39065
5077,5.39065
5078,5.39065
5079,5.39065
5080,5.39065
5081,5.39065
5082,5.39065
5083,5.39065
5084,5.39065
5085,5.39065
5086,5.39065
5087,5.39065
5088,5.39065
5089,5.39065
5090,5.39065
5091,5.39065
5092,5.39065
5093,5.39065
5094,5.39065
5095,5.39065
5096,5.39065
5097,5.39065
5098,5.39065
5099,5.39065
5100,5.39065
5101,5.39065
5102,5.39065
5103,5.39065
5104,5.39065
5105,5.39065
5106,5.39065
5107,5.39065
5108,5.39065
5109,5.39065
5110,5.39065
5111,5.39065
5112,5.39065
5113,5.39065
5114,5.39065
5115,5.39065
5116,5.39065
5117,5.39065
5118,5.39065
5119,5.39065
5120,5.39065
5121,5.39065
5122,5.39065
5123,5.39065
5124,5.39065
5125,5.39065
5126,5.39065
5127,5.39065
5128,5.39065
5129,5.39065
5130,5.39065
5131,5.39065
5132,5.39065
5133,5.39065
5134,5.39065
5135,5.39065
5136,5.39065
5137,5.39065
5138,5.39065
5139,5.39065
5140,5.39065
5141,5.39065
5142,5.39065
5143,5.39065
5144,5.39065
5145,5.39065
5146,5.39065
5147,5.39065
5148,5.39065
5149,5.39065
5150,5.39065
5151,5.39065
5152,5.39065
5153,5.39065
5154,5.39065
5155,5.39065
5156,5.39065
5157,5.39065
5158,5.39065
5159,5.39065
5160,5.39065
5161,5.39065
5162,5.39065
5163,5.39065
5164,5.39065
5165,5.39065
5166,5.39065
5167,5.39065
5168,5.39065
5169,5.39065
5170,5.39065
5171,5.39065
5172,5.39065
5173,5.39065
5174,5.39065
5175,5.39065
5176,5.39065
5177,5.39065
5178,5.39065
5179,5.39065
5180,5.39065
5181,5.39065
5182,5.39065
5183,5.39065
5184,5.39065
5185,5.39065
5186,5.39065
5187,5.39065
5188,5.39065
5189,5.39065
5190,5.39065
5191,5.39065
5192,5.39065
5193,5.39065
5194,5.39065
5195,5.39065
5196,5.39065
5197,5.39065
5198,5.39065
5199,5.39065
5200,5.39065
5201,5.39065
5202,5.39065
5203,5.39065
5204,5.39065
5205,5.39065
5206,5.39065
5207,5.39065
5208,5.39065
5209,5.39065
5210,5.39065
5211,5.39065
5212,5.39065
5213,5.39065
5214,5.39065
5215,5.39065
5216,5.39065
5217,5.39065
5218,5.39065
5219,5.39065
5220,5.39065
5221,5.39065
5222,5.39065
5223,5.39065
5224,5.39065
5225,5.39065
5226,5.39065
5227,5.39065
5228,5.39065
5229,5.39065
5230,5.39065
5231,5.39065
5232,5.39065
5233,5.39065
5234,5.39065
5235,5.39065
5236,5.39065
5237,5.39065
5238,5.39065
5239,5.39065
5240,5.39065
5241,5.39065
5242,5.39065
5243,5.39065
5244,5.39065
5245,5.39065
5246,5.39065
5247,5.39065
5248,5.39065
5249,5.39065
5250,5.39065
5251,5.39065
5252,5.39065
5253,5.39065
5254,5.39065
5255,5.39065
5256,5.39065
5257,5.39065
5258,5.39065
5259,5.39065
5260,5.39065
5261,5.39065
5262,5.39065
5263,5.39065
5264,5.39065
5265,5.39065
5266,5.39065
5267,5.39065
5268,5.39065
5269,5.39065
5270,5.39065
5271,5.39065
5272,5.39065
5273,5.39065
5274,5.39065
5275,5.39065
5276,5.39065
5277,5.39065
5278,5.39065
5279,5.39065
5280,5.39065
5281,5.39065
5282,5.39065
5283,5.39065
5284,5.39065
5285,5.39065
5286,5.39065
5287,5.39065
5288,5.39065
5289,5.39065
5290,5.39065
5291,5.39065
5292,5.39065
5293,5.39065
5294,5.39065
5295,5.39065
5296,5.39065
5297,5.39065
5298,5.39065
5299,5.39065
5300,5.39065
5301,5.39065
5302,5.39065
5303,5.39065
5304,5.39065
5305,5.39065
5306,5.39065
5307,5.39065
5308,5.39065
5309,5.39065
5310,5.39065
5311,5.39065
5312,5.39065
5313,5.39065
5314,5.39065
5315,5.39065
5316,5.39065
5317,5.39065
5318,5.39065
5319,5.39065
5320,5.39065
5321,5.39065
5322,5.39065
5323,5.39065
5324,5.39065
5325,5.39065
5326,5.39065
5327,5.39065
5328,5.39065
5329,5.39065
5330,5.39065
5331,5.39065
5332,5.39065
5333,5.39065
5334,5.39065
5335,5.39065
5336,5.39065
5337,5.39065
5338,5.39065
5339,5.39065
5340,5.39065
5341,5.39065
5342,5.39065
5343,5.39065
5344,5.39065
5345,5.39065
5346,5.39065
5347,5.39065
5348,5.39065
5349,5.39065
5350,5.39065
5351,5.39065
5352,5.39065
5353,5.39065
5354,5.39065
5355,5.39065
5356,5.39065
5357,5.39065
5358,5.39076
5359,5.39083
5360,5.39103
5361,5.39118
5362,5.39118
5363,5.39122
5364,5.3917
5365,5.39181
5366,5.39191
5367,5.39204
5368,5.39243
5369,5.39246
5370,5.39268
5371,5.39277
5372,5.39286
5373,5.39286
5374,5.39286
5375,5.39296
5376,5.39302
5377,5.39321
5378,5.3934
5379,5.3934
5380,5.39355
5381,5.39368
5382,5.39369
5383,5.39369
5384,5.39369
5385,5.39369
5386,5.39369
5387,5.39369
5388,5.39369
5389,5.39369
5390,5.39369
5391,5.39369
5392,5.39369
5393,5.39369
5394,5.39369
5395,5.39369
5396,5.39369
5397,5.39369
5398,5.39369
5399,5.39369
5400,5.39369
5401,5.39369
5402,5.39369
5403,5.39369
5404,5.39369
5405,5.39369
5406,5.39369
5407,5.39369
5408,5.39369
5409,5.39369
5410,5.39369
5411,5.39369
5412,5.39369
5413,5.39369
5414,5.39369
5415,5.39369
5416,5.39369
5417,5.39369
5418,5.39369
5419,5.39369
5420,5.39369
5421,5.39369
5422,5.39369
5423,5.39369
5424,5.39369
5425,5.39369
5426,5.39369
5427,5.39369
5428,5.39369
5429,5.39369
5430,5.39369
5431,5.39369
5432,5.39369
5433,5.39369
5434,5.39369
5435,5.39369
5436,5.39369
5437,5.39369
5438,5.39369
5439,5.39369
5440,5.39369
5441,5.39369
5442,5.39369
5443,5.39369
5444,5.39369
5445,5.39369
5446,5.39369
5447,5.39369
5448,5.39369
5449,5.39369
5450,5.39369
5451,5.39369
5452,5.39369
5453,5.39369
5454,5.39369
5455,5.39369
5456,5.39369
5457,5.39369
5458,5.39369
5459,5.39369
5460,5.39369
5461,5.39369
5462,5.39369
5463,5.39369
5464,5.39369
5465,5.39369
5466,5.39369
5467,5.39369
5468,5.39369
5469,5.39369
5470,5.39369
5471,5.39369
5472,5.39369
5473,5.39369
5474,5.39369
5475,5.39369
5476,5.39369
5477,5.39369
5478,5.39369
5479,5.39369
5480,5.39369
5481,5.39369
5482,5.39369
5483,5.39369
5484,5.39369
5485,5.39369
5486,5.39369
5487,5.39369
5488,5.39369
5489,5.39369
5490,5.39369
5491,5.39369
5492,5.39369
5493,5.39369
5494,5.39369
5495,5.39369
5496,5.39369
5497,5.39369
5498,5.39369
5499,5.39369
5500,5.39369
5501,5.39369
5502,5.39369
5503,5.39369
5504,5.39369
5505,5.39369
5506,5.39369
5507,5.39369
5508,5.39369
5509,5.39369
5510,5.39369
5511,5.39369
5512,5.39369
5513,5.39369
5514,5.39369
5515,5.39369
5516,5.3943
5517,5.39439
5518,5.39445
5519,5.39482
5520,5.39507
5521,5.39508
5522,5.39517
5523,5.39629
5524,5.39988
5525,5.52036
5526,7.05529
5527,7.7278
5528,7.79579
5529,8.04548
5530,8.44626
5531,9.17581
5532,10.55307
5533,12.33879
5534,13.64852
5535,14.64013
5536,15.16582
5537,16.10105
5538,16.87096
5539,21.46383
5540,39.60515
5541,40.01492
5542,41.53882
5543,55.3936
5544,65.43027
5545,85.43224
5546,105.28179
5547,162.60113
5548,203.34065
5549,1232.33507
5550,1460.3461
5551,1914.47204
5552,1915.36999
5553,1916.61633
5554,2504.81921
5555,5550.75613
5556,38276.41822
5557,455638.8508
5558,5300413.623
