Date,Inc_Month,Inc_Year,DOW,DOW_Name,Claims,Population
2016-01-01,2016-01-01,2016,6,Friday,1204.5,88071.66666666667
2016-01-02,2016-01-01,2016,7,Saturday,1435.3333333333333,88071.66666666667
2016-01-03,2016-01-01,2016,1,Sunday,912.1666666666666,88071.66666666667
2016-01-04,2016-01-01,2016,2,Monday,7026.333333333333,88071.66666666667
2016-01-05,2016-01-01,2016,3,Tuesday,6912.666666666667,88071.66666666667
2016-01-06,2016-01-01,2016,4,Wednesday,6889.666666666667,88071.66666666667
2016-01-07,2016-01-01,2016,5,Thursday,6684,88071.66666666667
2016-01-08,2016-01-01,2016,6,Friday,6029.666666666667,88071.66666666667
2016-01-09,2016-01-01,2016,7,Saturday,1601.3333333333333,88071.66666666667
2016-01-10,2016-01-01,2016,1,Sunday,878.8333333333334,88071.66666666667
2016-01-11,2016-01-01,2016,2,Monday,6909,88071.66666666667
2016-01-12,2016-01-01,2016,3,Tuesday,6293.833333333333,88071.66666666667
2016-01-13,2016-01-01,2016,4,Wednesday,6391.333333333333,88071.66666666667
2016-01-14,2016-01-01,2016,5,Thursday,6190.166666666667,88071.66666666667
2016-01-15,2016-01-01,2016,6,Friday,5807.5,88071.66666666667
2016-01-16,2016-01-01,2016,7,Saturday,1574.6666666666667,88071.66666666667
2016-01-17,2016-01-01,2016,1,Sunday,869,88071.66666666667
2016-01-18,2016-01-01,2016,2,Monday,6556.333333333333,88071.66666666667
2016-01-19,2016-01-01,2016,3,Tuesday,6619.833333333333,88071.66666666667
2016-01-20,2016-01-01,2016,4,Wednesday,6713,88071.66666666667
2016-01-21,2016-01-01,2016,5,Thursday,6379.833333333333,88071.66666666667
2016-01-22,2016-01-01,2016,6,Friday,5765,88071.66666666667
2016-01-23,2016-01-01,2016,7,Saturday,1519.1666666666667,88071.66666666667
2016-01-24,2016-01-01,2016,1,Sunday,874.8333333333334,88071.66666666667
2016-01-25,2016-01-01,2016,2,Monday,7099.166666666667,88071.66666666667
2016-01-26,2016-01-01,2016,3,Tuesday,6716,88071.66666666667
2016-01-27,2016-01-01,2016,4,Wednesday,6638.166666666667,88071.66666666667
2016-01-28,2016-01-01,2016,5,Thursday,6371.833333333333,88071.66666666667
2016-01-29,2016-01-01,2016,6,Friday,5738.5,88071.66666666667
2016-01-30,2016-01-01,2016,7,Saturday,1543,88071.66666666667
2016-01-31,2016-01-01,2016,1,Sunday,886.6666666666666,88071.66666666667
2016-02-01,2016-02-01,2016,2,Monday,7337.5,88002.33333333333
2016-02-02,2016-02-01,2016,3,Tuesday,6698,88002.33333333333
2016-02-03,2016-02-01,2016,4,Wednesday,6603.166666666667,88002.33333333333
2016-02-04,2016-02-01,2016,5,Thursday,6399.166666666667,88002.33333333333
2016-02-05,2016-02-01,2016,6,Friday,5717.166666666667,88002.33333333333
2016-02-06,2016-02-01,2016,7,Saturday,1553.8333333333333,88002.33333333333
2016-02-07,2016-02-01,2016,1,Sunday,809,88002.33333333333
2016-02-08,2016-02-01,2016,2,Monday,6911.5,88002.33333333333
2016-02-09,2016-02-01,2016,3,Tuesday,6676.333333333333,88002.33333333333
2016-02-10,2016-02-01,2016,4,Wednesday,6409.166666666667,88002.33333333333
2016-02-11,2016-02-01,2016,5,Thursday,6204.5,88002.33333333333
2016-02-12,2016-02-01,2016,6,Friday,5263.833333333333,88002.33333333333
2016-02-13,2016-02-01,2016,7,Saturday,1390.6666666666667,88002.33333333333
2016-02-14,2016-02-01,2016,1,Sunday,799.5,88002.33333333333
2016-02-15,2016-02-01,2016,2,Monday,6447.666666666667,88002.33333333333
2016-02-16,2016-02-01,2016,3,Tuesday,5117.5,88002.33333333333
2016-02-17,2016-02-01,2016,4,Wednesday,6247.833333333333,88002.33333333333
2016-02-18,2016-02-01,2016,5,Thursday,6210.166666666667,88002.33333333333
2016-02-19,2016-02-01,2016,6,Friday,5652.5,88002.33333333333
2016-02-20,2016-02-01,2016,7,Saturday,1574,88002.33333333333
2016-02-21,2016-02-01,2016,1,Sunday,891.6666666666666,88002.33333333333
2016-02-22,2016-02-01,2016,2,Monday,7106,88002.33333333333
2016-02-23,2016-02-01,2016,3,Tuesday,6875.5,88002.33333333333
2016-02-24,2016-02-01,2016,4,Wednesday,6517,88002.33333333333
2016-02-25,2016-02-01,2016,5,Thursday,6323.833333333333,88002.33333333333
2016-02-26,2016-02-01,2016,6,Friday,5697.833333333333,88002.33333333333
2016-02-27,2016-02-01,2016,7,Saturday,1563.3333333333333,88002.33333333333
2016-02-28,2016-02-01,2016,1,Sunday,910.5,88002.33333333333
2016-02-29,2016-02-01,2016,2,Monday,7186.5,88002.33333333333
2016-03-01,2016-03-01,2016,3,Tuesday,6961.5,87893.16666666667
2016-03-02,2016-03-01,2016,4,Wednesday,6404.666666666667,87893.16666666667
2016-03-03,2016-03-01,2016,5,Thursday,6363.5,87893.16666666667
2016-03-04,2016-03-01,2016,6,Friday,5737.666666666667,87893.16666666667
2016-03-05,2016-03-01,2016,7,Saturday,1562.3333333333333,87893.16666666667
2016-03-06,2016-03-01,2016,1,Sunday,895,87893.16666666667
2016-03-07,2016-03-01,2016,2,Monday,7100,87893.16666666667
2016-03-08,2016-03-01,2016,3,Tuesday,6708.333333333333,87893.16666666667
2016-03-09,2016-03-01,2016,4,Wednesday,6741.333333333333,87893.16666666667
2016-03-10,2016-03-01,2016,5,Thursday,6372.5,87893.16666666667
2016-03-11,2016-03-01,2016,6,Friday,5758.166666666667,87893.16666666667
2016-03-12,2016-03-01,2016,7,Saturday,1528.5,87893.16666666667
2016-03-13,2016-03-01,2016,1,Sunday,838.1666666666666,87893.16666666667
2016-03-14,2016-03-01,2016,2,Monday,7209.833333333333,87893.16666666667
2016-03-15,2016-03-01,2016,3,Tuesday,6772.333333333333,87893.16666666667
2016-03-16,2016-03-01,2016,4,Wednesday,6623.166666666667,87893.16666666667
2016-03-17,2016-03-01,2016,5,Thursday,6263.333333333333,87893.16666666667
2016-03-18,2016-03-01,2016,6,Friday,5585.333333333333,87893.16666666667
2016-03-19,2016-03-01,2016,7,Saturday,1525.1666666666667,87893.16666666667
2016-03-20,2016-03-01,2016,1,Sunday,851.6666666666666,87893.16666666667
2016-03-21,2016-03-01,2016,2,Monday,6826.333333333333,87893.16666666667
2016-03-22,2016-03-01,2016,3,Tuesday,6517.5,87893.16666666667
2016-03-23,2016-03-01,2016,4,Wednesday,6294.166666666667,87893.16666666667
2016-03-24,2016-03-01,2016,5,Thursday,5920,87893.16666666667
2016-03-25,2016-03-01,2016,6,Friday,4775.833333333333,87893.16666666667
2016-03-26,2016-03-01,2016,7,Saturday,1328.8333333333333,87893.16666666667
2016-03-27,2016-03-01,2016,1,Sunday,744.1666666666666,87893.16666666667
2016-03-28,2016-03-01,2016,2,Monday,6551.166666666667,87893.16666666667
2016-03-29,2016-03-01,2016,3,Tuesday,6533.333333333333,87893.16666666667
2016-03-30,2016-03-01,2016,4,Wednesday,6418.5,87893.16666666667
2016-03-31,2016-03-01,2016,5,Thursday,6163.833333333333,87893.16666666667
2016-04-01,2016-04-01,2016,6,Friday,5864.666666666667,87894.5
2016-04-02,2016-04-01,2016,7,Saturday,1512.3333333333333,87894.5
2016-04-03,2016-04-01,2016,1,Sunday,819,87894.5
2016-04-04,2016-04-01,2016,2,Monday,6623.666666666667,87894.5
2016-04-05,2016-04-01,2016,3,Tuesday,6604.166666666667,87894.5
2016-04-06,2016-04-01,2016,4,Wednesday,6520.166666666667,87894.5
2016-04-07,2016-04-01,2016,5,Thursday,6356.666666666667,87894.5
2016-04-08,2016-04-01,2016,6,Friday,5784,87894.5
2016-04-09,2016-04-01,2016,7,Saturday,1497.1666666666667,87894.5
2016-04-10,2016-04-01,2016,1,Sunday,843.5,87894.5
2016-04-11,2016-04-01,2016,2,Monday,7146.833333333333,87894.5
2016-04-12,2016-04-01,2016,3,Tuesday,6770.833333333333,87894.5
2016-04-13,2016-04-01,2016,4,Wednesday,6584.5,87894.5
2016-04-14,2016-04-01,2016,5,Thursday,6369.166666666667,87894.5
2016-04-15,2016-04-01,2016,6,Friday,5612,87894.5
2016-04-16,2016-04-01,2016,7,Saturday,1492.3333333333333,87894.5
2016-04-17,2016-04-01,2016,1,Sunday,865.5,87894.5
2016-04-18,2016-04-01,2016,2,Monday,7103.5,87894.5
2016-04-19,2016-04-01,2016,3,Tuesday,6733.666666666667,87894.5
2016-04-20,2016-04-01,2016,4,Wednesday,6719.5,87894.5
2016-04-21,2016-04-01,2016,5,Thursday,6381.333333333333,87894.5
2016-04-22,2016-04-01,2016,6,Friday,5771.833333333333,87894.5
2016-04-23,2016-04-01,2016,7,Saturday,1454.5,87894.5
2016-04-24,2016-04-01,2016,1,Sunday,816,87894.5
2016-04-25,2016-04-01,2016,2,Monday,7208.333333333333,87894.5
2016-04-26,2016-04-01,2016,3,Tuesday,6739,87894.5
2016-04-27,2016-04-01,2016,4,Wednesday,6435.833333333333,87894.5
2016-04-28,2016-04-01,2016,5,Thursday,6280.333333333333,87894.5
2016-04-29,2016-04-01,2016,6,Friday,5610.333333333333,87894.5
2016-04-30,2016-04-01,2016,7,Saturday,1536.5,87894.5
2016-05-01,2016-05-01,2016,1,Sunday,1103.6666666666667,87689
2016-05-02,2016-05-01,2016,2,Monday,6975.833333333333,87689
2016-05-03,2016-05-01,2016,3,Tuesday,6742,87689
2016-05-04,2016-05-01,2016,4,Wednesday,6703.166666666667,87689
2016-05-05,2016-05-01,2016,5,Thursday,6315.666666666667,87689
2016-05-06,2016-05-01,2016,6,Friday,5585.833333333333,87689
2016-05-07,2016-05-01,2016,7,Saturday,1434.1666666666667,87689
2016-05-08,2016-05-01,2016,1,Sunday,828.8333333333334,87689
2016-05-09,2016-05-01,2016,2,Monday,7104.666666666667,87689
2016-05-10,2016-05-01,2016,3,Tuesday,6764.166666666667,87689
2016-05-11,2016-05-01,2016,4,Wednesday,6659.333333333333,87689
2016-05-12,2016-05-01,2016,5,Thursday,6388.166666666667,87689
2016-05-13,2016-05-01,2016,6,Friday,5682.333333333333,87689
2016-05-14,2016-05-01,2016,7,Saturday,1462.1666666666667,87689
2016-05-15,2016-05-01,2016,1,Sunday,823.8333333333334,87689
2016-05-16,2016-05-01,2016,2,Monday,7185.333333333333,87689
2016-05-17,2016-05-01,2016,3,Tuesday,6852.333333333333,87689
2016-05-18,2016-05-01,2016,4,Wednesday,6688.166666666667,87689
2016-05-19,2016-05-01,2016,5,Thursday,6325,87689
2016-05-20,2016-05-01,2016,6,Friday,5572.833333333333,87689
2016-05-21,2016-05-01,2016,7,Saturday,1411,87689
2016-05-22,2016-05-01,2016,1,Sunday,841.5,87689
2016-05-23,2016-05-01,2016,2,Monday,7151.333333333333,87689
2016-05-24,2016-05-01,2016,3,Tuesday,6729,87689
2016-05-25,2016-05-01,2016,4,Wednesday,6596.333333333333,87689
2016-05-26,2016-05-01,2016,5,Thursday,6240.166666666667,87689
2016-05-27,2016-05-01,2016,6,Friday,5467,87689
2016-05-28,2016-05-01,2016,7,Saturday,1285.5,87689
2016-05-29,2016-05-01,2016,1,Sunday,832.6666666666666,87689
2016-05-30,2016-05-01,2016,2,Monday,1027.8333333333333,87689
2016-05-31,2016-05-01,2016,3,Tuesday,6854.5,87689
2016-06-01,2016-06-01,2016,4,Wednesday,6929.833333333333,87653
2016-06-02,2016-06-01,2016,5,Thursday,6472.5,87653
2016-06-03,2016-06-01,2016,6,Friday,5575.166666666667,87653
2016-06-04,2016-06-01,2016,7,Saturday,1452.5,87653
2016-06-05,2016-06-01,2016,1,Sunday,817.5,87653
2016-06-06,2016-06-01,2016,2,Monday,7102.5,87653
2016-06-07,2016-06-01,2016,3,Tuesday,6793.166666666667,87653
2016-06-08,2016-06-01,2016,4,Wednesday,6597.333333333333,87653
2016-06-09,2016-06-01,2016,5,Thursday,6279,87653
2016-06-10,2016-06-01,2016,6,Friday,5404.333333333333,87653
2016-06-11,2016-06-01,2016,7,Saturday,1400.3333333333333,87653
2016-06-12,2016-06-01,2016,1,Sunday,813.5,87653
2016-06-13,2016-06-01,2016,2,Monday,6851.333333333333,87653
2016-06-14,2016-06-01,2016,3,Tuesday,6627.833333333333,87653
2016-06-15,2016-06-01,2016,4,Wednesday,6494.666666666667,87653
2016-06-16,2016-06-01,2016,5,Thursday,6203.333333333333,87653
2016-06-17,2016-06-01,2016,6,Friday,5421.333333333333,87653
2016-06-18,2016-06-01,2016,7,Saturday,1380.6666666666667,87653
2016-06-19,2016-06-01,2016,1,Sunday,830.1666666666666,87653
2016-06-20,2016-06-01,2016,2,Monday,6893.333333333333,87653
2016-06-21,2016-06-01,2016,3,Tuesday,6478.5,87653
2016-06-22,2016-06-01,2016,4,Wednesday,6441.666666666667,87653
2016-06-23,2016-06-01,2016,5,Thursday,6074.333333333333,87653
2016-06-24,2016-06-01,2016,6,Friday,5406.333333333333,87653
2016-06-25,2016-06-01,2016,7,Saturday,1305.5,87653
2016-06-26,2016-06-01,2016,1,Sunday,793.1666666666666,87653
2016-06-27,2016-06-01,2016,2,Monday,6813.333333333333,87653
2016-06-28,2016-06-01,2016,3,Tuesday,6585.166666666667,87653
2016-06-29,2016-06-01,2016,4,Wednesday,6476.166666666667,87653
2016-06-30,2016-06-01,2016,5,Thursday,6270.833333333333,87653
2016-07-01,2016-07-01,2016,6,Friday,5257.166666666667,87239.16666666667
2016-07-02,2016-07-01,2016,7,Saturday,1213.8333333333333,87239.16666666667
2016-07-03,2016-07-01,2016,1,Sunday,762.8333333333334,87239.16666666667
2016-07-04,2016-07-01,2016,2,Monday,904.3333333333334,87239.16666666667
2016-07-05,2016-07-01,2016,3,Tuesday,6281.833333333333,87239.16666666667
2016-07-06,2016-07-01,2016,4,Wednesday,6480.166666666667,87239.16666666667
2016-07-07,2016-07-01,2016,5,Thursday,6206.5,87239.16666666667
2016-07-08,2016-07-01,2016,6,Friday,5559.5,87239.16666666667
2016-07-09,2016-07-01,2016,7,Saturday,1389.8333333333333,87239.16666666667
2016-07-10,2016-07-01,2016,1,Sunday,821.3333333333334,87239.16666666667
2016-07-11,2016-07-01,2016,2,Monday,6969.833333333333,87239.16666666667
2016-07-12,2016-07-01,2016,3,Tuesday,6628,87239.16666666667
2016-07-13,2016-07-01,2016,4,Wednesday,6418.833333333333,87239.16666666667
2016-07-14,2016-07-01,2016,5,Thursday,6163.833333333333,87239.16666666667
2016-07-15,2016-07-01,2016,6,Friday,5433.666666666667,87239.16666666667
2016-07-16,2016-07-01,2016,7,Saturday,1358,87239.16666666667
2016-07-17,2016-07-01,2016,1,Sunday,798.3333333333334,87239.16666666667
2016-07-18,2016-07-01,2016,2,Monday,6712.666666666667,87239.16666666667
2016-07-19,2016-07-01,2016,3,Tuesday,6481.5,87239.16666666667
2016-07-20,2016-07-01,2016,4,Wednesday,6457.833333333333,87239.16666666667
2016-07-21,2016-07-01,2016,5,Thursday,6101.333333333333,87239.16666666667
2016-07-22,2016-07-01,2016,6,Friday,5290.333333333333,87239.16666666667
2016-07-23,2016-07-01,2016,7,Saturday,1299.6666666666667,87239.16666666667
2016-07-24,2016-07-01,2016,1,Sunday,792.5,87239.16666666667
2016-07-25,2016-07-01,2016,2,Monday,6698.166666666667,87239.16666666667
2016-07-26,2016-07-01,2016,3,Tuesday,6467.166666666667,87239.16666666667
2016-07-27,2016-07-01,2016,4,Wednesday,6352,87239.16666666667
2016-07-28,2016-07-01,2016,5,Thursday,6074,87239.16666666667
2016-07-29,2016-07-01,2016,6,Friday,5249.833333333333,87239.16666666667
2016-07-30,2016-07-01,2016,7,Saturday,1309.6666666666667,87239.16666666667
2016-07-31,2016-07-01,2016,1,Sunday,832.6666666666666,87239.16666666667
2016-08-01,2016-08-01,2016,2,Monday,6761.833333333333,87182.16666666667
2016-08-02,2016-08-01,2016,3,Tuesday,6365.166666666667,87182.16666666667
2016-08-03,2016-08-01,2016,4,Wednesday,6254,87182.16666666667
2016-08-04,2016-08-01,2016,5,Thursday,5949.833333333333,87182.16666666667
2016-08-05,2016-08-01,2016,6,Friday,5239.166666666667,87182.16666666667
2016-08-06,2016-08-01,2016,7,Saturday,1338.3333333333333,87182.16666666667
2016-08-07,2016-08-01,2016,1,Sunday,769.5,87182.16666666667
2016-08-08,2016-08-01,2016,2,Monday,6807.333333333333,87182.16666666667
2016-08-09,2016-08-01,2016,3,Tuesday,6534.5,87182.16666666667
2016-08-10,2016-08-01,2016,4,Wednesday,6345.166666666667,87182.16666666667
2016-08-11,2016-08-01,2016,5,Thursday,6048.5,87182.16666666667
2016-08-12,2016-08-01,2016,6,Friday,5243.833333333333,87182.16666666667
2016-08-13,2016-08-01,2016,7,Saturday,1358.1666666666667,87182.16666666667
2016-08-14,2016-08-01,2016,1,Sunday,833.8333333333334,87182.16666666667
2016-08-15,2016-08-01,2016,2,Monday,6780.166666666667,87182.16666666667
2016-08-16,2016-08-01,2016,3,Tuesday,6484.166666666667,87182.16666666667
2016-08-17,2016-08-01,2016,4,Wednesday,6420.5,87182.16666666667
2016-08-18,2016-08-01,2016,5,Thursday,6022.5,87182.16666666667
2016-08-19,2016-08-01,2016,6,Friday,5326,87182.16666666667
2016-08-20,2016-08-01,2016,7,Saturday,1378.3333333333333,87182.16666666667
2016-08-21,2016-08-01,2016,1,Sunday,798.6666666666666,87182.16666666667
2016-08-22,2016-08-01,2016,2,Monday,6732.666666666667,87182.16666666667
2016-08-23,2016-08-01,2016,3,Tuesday,6566,87182.16666666667
2016-08-24,2016-08-01,2016,4,Wednesday,6360,87182.16666666667
2016-08-25,2016-08-01,2016,5,Thursday,6108.5,87182.16666666667
2016-08-26,2016-08-01,2016,6,Friday,5294.833333333333,87182.16666666667
2016-08-27,2016-08-01,2016,7,Saturday,1287.1666666666667,87182.16666666667
2016-08-28,2016-08-01,2016,1,Sunday,810.8333333333334,87182.16666666667
2016-08-29,2016-08-01,2016,2,Monday,6899.5,87182.16666666667
2016-08-30,2016-08-01,2016,3,Tuesday,6525,87182.16666666667
2016-08-31,2016-08-01,2016,4,Wednesday,6486.833333333333,87182.16666666667
2016-09-01,2016-09-01,2016,5,Thursday,6228,87301.83333333333
2016-09-02,2016-09-01,2016,6,Friday,5243.666666666667,87301.83333333333
2016-09-03,2016-09-01,2016,7,Saturday,1190.8333333333333,87301.83333333333
2016-09-04,2016-09-01,2016,1,Sunday,782.5,87301.83333333333
2016-09-05,2016-09-01,2016,2,Monday,960.3333333333334,87301.83333333333
2016-09-06,2016-09-01,2016,3,Tuesday,6817.666666666667,87301.83333333333
2016-09-07,2016-09-01,2016,4,Wednesday,6566,87301.83333333333
2016-09-08,2016-09-01,2016,5,Thursday,6389,87301.83333333333
2016-09-09,2016-09-01,2016,6,Friday,5633,87301.83333333333
2016-09-10,2016-09-01,2016,7,Saturday,1486.8333333333333,87301.83333333333
2016-09-11,2016-09-01,2016,1,Sunday,840.3333333333334,87301.83333333333
2016-09-12,2016-09-01,2016,2,Monday,6993,87301.83333333333
2016-09-13,2016-09-01,2016,3,Tuesday,6714,87301.83333333333
2016-09-14,2016-09-01,2016,4,Wednesday,6657,87301.83333333333
2016-09-15,2016-09-01,2016,5,Thursday,6135.166666666667,87301.83333333333
2016-09-16,2016-09-01,2016,6,Friday,5507.833333333333,87301.83333333333
2016-09-17,2016-09-01,2016,7,Saturday,1523,87301.83333333333
2016-09-18,2016-09-01,2016,1,Sunday,883.5,87301.83333333333
2016-09-19,2016-09-01,2016,2,Monday,7064.333333333333,87301.83333333333
2016-09-20,2016-09-01,2016,3,Tuesday,6778.166666666667,87301.83333333333
2016-09-21,2016-09-01,2016,4,Wednesday,6771,87301.83333333333
2016-09-22,2016-09-01,2016,5,Thursday,6406.833333333333,87301.83333333333
2016-09-23,2016-09-01,2016,6,Friday,5748.666666666667,87301.83333333333
2016-09-24,2016-09-01,2016,7,Saturday,1531.3333333333333,87301.83333333333
2016-09-25,2016-09-01,2016,1,Sunday,816.1666666666666,87301.83333333333
2016-09-26,2016-09-01,2016,2,Monday,7110.166666666667,87301.83333333333
2016-09-27,2016-09-01,2016,3,Tuesday,6745.166666666667,87301.83333333333
2016-09-28,2016-09-01,2016,4,Wednesday,6740.5,87301.83333333333
2016-09-29,2016-09-01,2016,5,Thursday,6393.166666666667,87301.83333333333
2016-09-30,2016-09-01,2016,6,Friday,5682.166666666667,87301.83333333333
2016-10-01,2016-10-01,2016,7,Saturday,1798,87340.66666666667
2016-10-02,2016-10-01,2016,1,Sunday,814.3333333333334,87340.66666666667
2016-10-03,2016-10-01,2016,2,Monday,6814.5,87340.66666666667
2016-10-04,2016-10-01,2016,3,Tuesday,6794,87340.66666666667
2016-10-05,2016-10-01,2016,4,Wednesday,6753.666666666667,87340.66666666667
2016-10-06,2016-10-01,2016,5,Thursday,6498.666666666667,87340.66666666667
2016-10-07,2016-10-01,2016,6,Friday,5502,87340.66666666667
2016-10-08,2016-10-01,2016,7,Saturday,1466.5,87340.66666666667
2016-10-09,2016-10-01,2016,1,Sunday,800.6666666666666,87340.66666666667
2016-10-10,2016-10-01,2016,2,Monday,6730.833333333333,87340.66666666667
2016-10-11,2016-10-01,2016,3,Tuesday,6763.5,87340.66666666667
2016-10-12,2016-10-01,2016,4,Wednesday,6746.833333333333,87340.66666666667
2016-10-13,2016-10-01,2016,5,Thursday,6528.666666666667,87340.66666666667
2016-10-14,2016-10-01,2016,6,Friday,5709.166666666667,87340.66666666667
2016-10-15,2016-10-01,2016,7,Saturday,1600.1666666666667,87340.66666666667
2016-10-16,2016-10-01,2016,1,Sunday,818.3333333333334,87340.66666666667
2016-10-17,2016-10-01,2016,2,Monday,7246.5,87340.66666666667
2016-10-18,2016-10-01,2016,3,Tuesday,6983.166666666667,87340.66666666667
2016-10-19,2016-10-01,2016,4,Wednesday,6775.666666666667,87340.66666666667
2016-10-20,2016-10-01,2016,5,Thursday,6550,87340.66666666667
2016-10-21,2016-10-01,2016,6,Friday,5833.666666666667,87340.66666666667
2016-10-22,2016-10-01,2016,7,Saturday,1513.6666666666667,87340.66666666667
2016-10-23,2016-10-01,2016,1,Sunday,788.3333333333334,87340.66666666667
2016-10-24,2016-10-01,2016,2,Monday,7119.833333333333,87340.66666666667
2016-10-25,2016-10-01,2016,3,Tuesday,6884.5,87340.66666666667
2016-10-26,2016-10-01,2016,4,Wednesday,6725,87340.66666666667
2016-10-27,2016-10-01,2016,5,Thursday,6370.333333333333,87340.66666666667
2016-10-28,2016-10-01,2016,6,Friday,5824.166666666667,87340.66666666667
2016-10-29,2016-10-01,2016,7,Saturday,1493.1666666666667,87340.66666666667
2016-10-30,2016-10-01,2016,1,Sunday,767.6666666666666,87340.66666666667
2016-10-31,2016-10-01,2016,2,Monday,6460.666666666667,87340.66666666667
2016-11-01,2016-11-01,2016,3,Tuesday,6620.5,83320.66666666667
2016-11-02,2016-11-01,2016,4,Wednesday,6432.5,83320.66666666667
2016-11-03,2016-11-01,2016,5,Thursday,6224.166666666667,83320.66666666667
2016-11-04,2016-11-01,2016,6,Friday,5541.666666666667,83320.66666666667
2016-11-05,2016-11-01,2016,7,Saturday,1453.5,83320.66666666667
2016-11-06,2016-11-01,2016,1,Sunday,775,83320.66666666667
2016-11-07,2016-11-01,2016,2,Monday,6854.166666666667,83320.66666666667
2016-11-08,2016-11-01,2016,3,Tuesday,6659,83320.66666666667
2016-11-09,2016-11-01,2016,4,Wednesday,6296.833333333333,83320.66666666667
2016-11-10,2016-11-01,2016,5,Thursday,6087.333333333333,83320.66666666667
2016-11-11,2016-11-01,2016,6,Friday,5762,83320.66666666667
2016-11-12,2016-11-01,2016,7,Saturday,1412.6666666666667,83320.66666666667
2016-11-13,2016-11-01,2016,1,Sunday,706.5,83320.66666666667
2016-11-14,2016-11-01,2016,2,Monday,6889.333333333333,83320.66666666667
2016-11-15,2016-11-01,2016,3,Tuesday,6695.333333333333,83320.66666666667
2016-11-16,2016-11-01,2016,4,Wednesday,6678,83320.66666666667
2016-11-17,2016-11-01,2016,5,Thursday,6553,83320.66666666667
2016-11-18,2016-11-01,2016,6,Friday,5826.333333333333,83320.66666666667
2016-11-19,2016-11-01,2016,7,Saturday,1542.1666666666667,83320.66666666667
2016-11-20,2016-11-01,2016,1,Sunday,779.6666666666666,83320.66666666667
2016-11-21,2016-11-01,2016,2,Monday,6987.166666666667,83320.66666666667
2016-11-22,2016-11-01,2016,3,Tuesday,6694.333333333333,83320.66666666667
2016-11-23,2016-11-01,2016,4,Wednesday,5878.166666666667,83320.66666666667
2016-11-24,2016-11-01,2016,5,Thursday,614,83320.66666666667
2016-11-25,2016-11-01,2016,6,Friday,2379.3333333333335,83320.66666666667
2016-11-26,2016-11-01,2016,7,Saturday,1209.5,83320.66666666667
2016-11-27,2016-11-01,2016,1,Sunday,748.6666666666666,83320.66666666667
2016-11-28,2016-11-01,2016,2,Monday,7115.5,83320.66666666667
2016-11-29,2016-11-01,2016,3,Tuesday,6855.166666666667,83320.66666666667
2016-11-30,2016-11-01,2016,4,Wednesday,6786.666666666667,83320.66666666667
2016-12-01,2016-12-01,2016,5,Thursday,6630.5,83813.83333333333
2016-12-02,2016-12-01,2016,6,Friday,5803.166666666667,83813.83333333333
2016-12-03,2016-12-01,2016,7,Saturday,1493.1666666666667,83813.83333333333
2016-12-04,2016-12-01,2016,1,Sunday,788.5,83813.83333333333
2016-12-05,2016-12-01,2016,2,Monday,7039.833333333333,83813.83333333333
2016-12-06,2016-12-01,2016,3,Tuesday,6663.333333333333,83813.83333333333
2016-12-07,2016-12-01,2016,4,Wednesday,6439.833333333333,83813.83333333333
2016-12-08,2016-12-01,2016,5,Thursday,6117.666666666667,83813.83333333333
2016-12-09,2016-12-01,2016,6,Friday,5355.666666666667,83813.83333333333
2016-12-10,2016-12-01,2016,7,Saturday,1385.3333333333333,83813.83333333333
2016-12-11,2016-12-01,2016,1,Sunday,743.5,83813.83333333333
2016-12-12,2016-12-01,2016,2,Monday,6634,83813.83333333333
2016-12-13,2016-12-01,2016,3,Tuesday,6490.166666666667,83813.83333333333
2016-12-14,2016-12-01,2016,4,Wednesday,6012.166666666667,83813.83333333333
2016-12-15,2016-12-01,2016,5,Thursday,5689.333333333333,83813.83333333333
2016-12-16,2016-12-01,2016,6,Friday,5336,83813.83333333333
2016-12-17,2016-12-01,2016,7,Saturday,1288.6666666666667,83813.83333333333
2016-12-18,2016-12-01,2016,1,Sunday,790.3333333333334,83813.83333333333
2016-12-19,2016-12-01,2016,2,Monday,6946.666666666667,83813.83333333333
2016-12-20,2016-12-01,2016,3,Tuesday,6466,83813.83333333333
2016-12-21,2016-12-01,2016,4,Wednesday,6142.666666666667,83813.83333333333
2016-12-22,2016-12-01,2016,5,Thursday,5665.666666666667,83813.83333333333
2016-12-23,2016-12-01,2016,6,Friday,4194.333333333333,83813.83333333333
2016-12-24,2016-12-01,2016,7,Saturday,843.1666666666666,83813.83333333333
2016-12-25,2016-12-01,2016,1,Sunday,543.3333333333334,83813.83333333333
2016-12-26,2016-12-01,2016,2,Monday,1536.3333333333333,83813.83333333333
2016-12-27,2016-12-01,2016,3,Tuesday,5722.666666666667,83813.83333333333
2016-12-28,2016-12-01,2016,4,Wednesday,5889,83813.83333333333
2016-12-29,2016-12-01,2016,5,Thursday,5338.5,83813.83333333333
2016-12-30,2016-12-01,2016,6,Friday,4681.5,83813.83333333333
2016-12-31,2016-12-01,2016,7,Saturday,1266.3333333333333,83813.83333333333
2017-01-01,2017-01-01,2017,1,Sunday,1056.6666666666667,84563.5
2017-01-02,2017-01-01,2017,2,Monday,2453.5,84563.5
2017-01-03,2017-01-01,2017,3,Tuesday,6683.333333333333,84563.5
2017-01-04,2017-01-01,2017,4,Wednesday,6603.666666666667,84563.5
2017-01-05,2017-01-01,2017,5,Thursday,6212,84563.5
2017-01-06,2017-01-01,2017,6,Friday,5614.166666666667,84563.5
2017-01-07,2017-01-01,2017,7,Saturday,1441.5,84563.5
2017-01-08,2017-01-01,2017,1,Sunday,830.3333333333334,84563.5
2017-01-09,2017-01-01,2017,2,Monday,6984.666666666667,84563.5
2017-01-10,2017-01-01,2017,3,Tuesday,6589.5,84563.5
2017-01-11,2017-01-01,2017,4,Wednesday,6426,84563.5
2017-01-12,2017-01-01,2017,5,Thursday,6406.666666666667,84563.5
2017-01-13,2017-01-01,2017,6,Friday,5735.666666666667,84563.5
2017-01-14,2017-01-01,2017,7,Saturday,1485,84563.5
2017-01-15,2017-01-01,2017,1,Sunday,770,84563.5
2017-01-16,2017-01-01,2017,2,Monday,6671.833333333333,84563.5
2017-01-17,2017-01-01,2017,3,Tuesday,6536.333333333333,84563.5
2017-01-18,2017-01-01,2017,4,Wednesday,6434.666666666667,84563.5
2017-01-19,2017-01-01,2017,5,Thursday,6204.666666666667,84563.5
2017-01-20,2017-01-01,2017,6,Friday,5648.833333333333,84563.5
2017-01-21,2017-01-01,2017,7,Saturday,1539.3333333333333,84563.5
2017-01-22,2017-01-01,2017,1,Sunday,833.5,84563.5
2017-01-23,2017-01-01,2017,2,Monday,6965.833333333333,84563.5
2017-01-24,2017-01-01,2017,3,Tuesday,6250.833333333333,84563.5
2017-01-25,2017-01-01,2017,4,Wednesday,6389,84563.5
2017-01-26,2017-01-01,2017,5,Thursday,6213.833333333333,84563.5
2017-01-27,2017-01-01,2017,6,Friday,5519,84563.5
2017-01-28,2017-01-01,2017,7,Saturday,1447,84563.5
2017-01-29,2017-01-01,2017,1,Sunday,817.8333333333334,84563.5
2017-01-30,2017-01-01,2017,2,Monday,6786.833333333333,84563.5
2017-01-31,2017-01-01,2017,3,Tuesday,6510,84563.5
2017-02-01,2017-02-01,2017,4,Wednesday,6452.166666666667,84683.33333333333
2017-02-02,2017-02-01,2017,5,Thursday,6149.333333333333,84683.33333333333
2017-02-03,2017-02-01,2017,6,Friday,5570.833333333333,84683.33333333333
2017-02-04,2017-02-01,2017,7,Saturday,1498.3333333333333,84683.33333333333
2017-02-05,2017-02-01,2017,1,Sunday,778.1666666666666,84683.33333333333
2017-02-06,2017-02-01,2017,2,Monday,6838.333333333333,84683.33333333333
2017-02-07,2017-02-01,2017,3,Tuesday,6487.666666666667,84683.33333333333
2017-02-08,2017-02-01,2017,4,Wednesday,6356.166666666667,84683.33333333333
2017-02-09,2017-02-01,2017,5,Thursday,5673.5,84683.33333333333
2017-02-10,2017-02-01,2017,6,Friday,5563.333333333333,84683.33333333333
2017-02-11,2017-02-01,2017,7,Saturday,1503.6666666666667,84683.33333333333
2017-02-12,2017-02-01,2017,1,Sunday,803.6666666666666,84683.33333333333
2017-02-13,2017-02-01,2017,2,Monday,6538.666666666667,84683.33333333333
2017-02-14,2017-02-01,2017,3,Tuesday,6414.833333333333,84683.33333333333
2017-02-15,2017-02-01,2017,4,Wednesday,6291.5,84683.33333333333
2017-02-16,2017-02-01,2017,5,Thursday,6157.166666666667,84683.33333333333
2017-02-17,2017-02-01,2017,6,Friday,5578.333333333333,84683.33333333333
2017-02-18,2017-02-01,2017,7,Saturday,1505.1666666666667,84683.33333333333
2017-02-19,2017-02-01,2017,1,Sunday,841.3333333333334,84683.33333333333
2017-02-20,2017-02-01,2017,2,Monday,6397.666666666667,84683.33333333333
2017-02-21,2017-02-01,2017,3,Tuesday,6374.166666666667,84683.33333333333
2017-02-22,2017-02-01,2017,4,Wednesday,6266.5,84683.33333333333
2017-02-23,2017-02-01,2017,5,Thursday,5960.5,84683.33333333333
2017-02-24,2017-02-01,2017,6,Friday,5370,84683.33333333333
2017-02-25,2017-02-01,2017,7,Saturday,1442.6666666666667,84683.33333333333
2017-02-26,2017-02-01,2017,1,Sunday,795.1666666666666,84683.33333333333
2017-02-27,2017-02-01,2017,2,Monday,6915.166666666667,84683.33333333333
2017-02-28,2017-02-01,2017,3,Tuesday,6732.833333333333,84683.33333333333
2017-03-01,2017-03-01,2017,4,Wednesday,6573.166666666667,84625.33333333333
2017-03-02,2017-03-01,2017,5,Thursday,6154.833333333333,84625.33333333333
2017-03-03,2017-03-01,2017,6,Friday,5522.5,84625.33333333333
2017-03-04,2017-03-01,2017,7,Saturday,1387.6666666666667,84625.33333333333
2017-03-05,2017-03-01,2017,1,Sunday,755.1666666666666,84625.33333333333
2017-03-06,2017-03-01,2017,2,Monday,6798.333333333333,84625.33333333333
2017-03-07,2017-03-01,2017,3,Tuesday,6481.833333333333,84625.33333333333
2017-03-08,2017-03-01,2017,4,Wednesday,6228.333333333333,84625.33333333333
2017-03-09,2017-03-01,2017,5,Thursday,6008.166666666667,84625.33333333333
2017-03-10,2017-03-01,2017,6,Friday,5490.333333333333,84625.33333333333
2017-03-11,2017-03-01,2017,7,Saturday,1377.5,84625.33333333333
2017-03-12,2017-03-01,2017,1,Sunday,745.3333333333334,84625.33333333333
2017-03-13,2017-03-01,2017,2,Monday,6884.166666666667,84625.33333333333
2017-03-14,2017-03-01,2017,3,Tuesday,4249.166666666667,84625.33333333333
2017-03-15,2017-03-01,2017,4,Wednesday,4671.166666666667,84625.33333333333
2017-03-16,2017-03-01,2017,5,Thursday,5951.833333333333,84625.33333333333
2017-03-17,2017-03-01,2017,6,Friday,5479.666666666667,84625.33333333333
2017-03-18,2017-03-01,2017,7,Saturday,1402,84625.33333333333
2017-03-19,2017-03-01,2017,1,Sunday,742,84625.33333333333
2017-03-20,2017-03-01,2017,2,Monday,6944.666666666667,84625.33333333333
2017-03-21,2017-03-01,2017,3,Tuesday,6575,84625.33333333333
2017-03-22,2017-03-01,2017,4,Wednesday,6342.166666666667,84625.33333333333
2017-03-23,2017-03-01,2017,5,Thursday,6180.333333333333,84625.33333333333
2017-03-24,2017-03-01,2017,6,Friday,5426.5,84625.33333333333
2017-03-25,2017-03-01,2017,7,Saturday,1385,84625.33333333333
2017-03-26,2017-03-01,2017,1,Sunday,804.5,84625.33333333333
2017-03-27,2017-03-01,2017,2,Monday,6903.5,84625.33333333333
2017-03-28,2017-03-01,2017,3,Tuesday,6575.833333333333,84625.33333333333
2017-03-29,2017-03-01,2017,4,Wednesday,6383.333333333333,84625.33333333333
2017-03-30,2017-03-01,2017,5,Thursday,6162.666666666667,84625.33333333333
2017-03-31,2017-03-01,2017,6,Friday,5392.5,84625.33333333333
2017-04-01,2017-04-01,2017,7,Saturday,1641.5,84513.16666666667
2017-04-02,2017-04-01,2017,1,Sunday,793.3333333333334,84513.16666666667
2017-04-03,2017-04-01,2017,2,Monday,6934.166666666667,84513.16666666667
2017-04-04,2017-04-01,2017,3,Tuesday,6622.166666666667,84513.16666666667
2017-04-05,2017-04-01,2017,4,Wednesday,6373.833333333333,84513.16666666667
2017-04-06,2017-04-01,2017,5,Thursday,6146.166666666667,84513.16666666667
2017-04-07,2017-04-01,2017,6,Friday,5495.5,84513.16666666667
2017-04-08,2017-04-01,2017,7,Saturday,1431.1666666666667,84513.16666666667
2017-04-09,2017-04-01,2017,1,Sunday,820.1666666666666,84513.16666666667
2017-04-10,2017-04-01,2017,2,Monday,6515.833333333333,84513.16666666667
2017-04-11,2017-04-01,2017,3,Tuesday,6188.833333333333,84513.16666666667
2017-04-12,2017-04-01,2017,4,Wednesday,6022.666666666667,84513.16666666667
2017-04-13,2017-04-01,2017,5,Thursday,5816.833333333333,84513.16666666667
2017-04-14,2017-04-01,2017,6,Friday,4783.333333333333,84513.16666666667
2017-04-15,2017-04-01,2017,7,Saturday,1262.1666666666667,84513.16666666667
2017-04-16,2017-04-01,2017,1,Sunday,702.3333333333334,84513.16666666667
2017-04-17,2017-04-01,2017,2,Monday,6504.166666666667,84513.16666666667
2017-04-18,2017-04-01,2017,3,Tuesday,6555.333333333333,84513.16666666667
2017-04-19,2017-04-01,2017,4,Wednesday,6621.5,84513.16666666667
2017-04-20,2017-04-01,2017,5,Thursday,6318.833333333333,84513.16666666667
2017-04-21,2017-04-01,2017,6,Friday,5586,84513.16666666667
2017-04-22,2017-04-01,2017,7,Saturday,1415.5,84513.16666666667
2017-04-23,2017-04-01,2017,1,Sunday,790.1666666666666,84513.16666666667
2017-04-24,2017-04-01,2017,2,Monday,6814.833333333333,84513.16666666667
2017-04-25,2017-04-01,2017,3,Tuesday,6476.833333333333,84513.16666666667
2017-04-26,2017-04-01,2017,4,Wednesday,6308.166666666667,84513.16666666667
2017-04-27,2017-04-01,2017,5,Thursday,6164,84513.16666666667
2017-04-28,2017-04-01,2017,6,Friday,5499.166666666667,84513.16666666667
2017-04-29,2017-04-01,2017,7,Saturday,1351.6666666666667,84513.16666666667
2017-04-30,2017-04-01,2017,1,Sunday,839,84513.16666666667
2017-05-01,2017-05-01,2017,2,Monday,6923.833333333333,84345.33333333333
2017-05-02,2017-05-01,2017,3,Tuesday,6521.333333333333,84345.33333333333
2017-05-03,2017-05-01,2017,4,Wednesday,6391.166666666667,84345.33333333333
2017-05-04,2017-05-01,2017,5,Thursday,6076.333333333333,84345.33333333333
2017-05-05,2017-05-01,2017,6,Friday,5316,84345.33333333333
2017-05-06,2017-05-01,2017,7,Saturday,1427.1666666666667,84345.33333333333
2017-05-07,2017-05-01,2017,1,Sunday,786.3333333333334,84345.33333333333
2017-05-08,2017-05-01,2017,2,Monday,6815,84345.33333333333
2017-05-09,2017-05-01,2017,3,Tuesday,6488,84345.33333333333
2017-05-10,2017-05-01,2017,4,Wednesday,6329,84345.33333333333
2017-05-11,2017-05-01,2017,5,Thursday,6142.666666666667,84345.33333333333
2017-05-12,2017-05-01,2017,6,Friday,5369.333333333333,84345.33333333333
2017-05-13,2017-05-01,2017,7,Saturday,1384.8333333333333,84345.33333333333
2017-05-14,2017-05-01,2017,1,Sunday,705.8333333333334,84345.33333333333
2017-05-15,2017-05-01,2017,2,Monday,6892,84345.33333333333
2017-05-16,2017-05-01,2017,3,Tuesday,6501.833333333333,84345.33333333333
2017-05-17,2017-05-01,2017,4,Wednesday,6446,84345.33333333333
2017-05-18,2017-05-01,2017,5,Thursday,6116.166666666667,84345.33333333333
2017-05-19,2017-05-01,2017,6,Friday,5381.666666666667,84345.33333333333
2017-05-20,2017-05-01,2017,7,Saturday,1370.6666666666667,84345.33333333333
2017-05-21,2017-05-01,2017,1,Sunday,801.8333333333334,84345.33333333333
2017-05-22,2017-05-01,2017,2,Monday,6948.666666666667,84345.33333333333
2017-05-23,2017-05-01,2017,3,Tuesday,6597.166666666667,84345.33333333333
2017-05-24,2017-05-01,2017,4,Wednesday,6418,84345.33333333333
2017-05-25,2017-05-01,2017,5,Thursday,6159.166666666667,84345.33333333333
2017-05-26,2017-05-01,2017,6,Friday,5353.166666666667,84345.33333333333
2017-05-27,2017-05-01,2017,7,Saturday,1249.6666666666667,84345.33333333333
2017-05-28,2017-05-01,2017,1,Sunday,803.3333333333334,84345.33333333333
2017-05-29,2017-05-01,2017,2,Monday,959,84345.33333333333
2017-05-30,2017-05-01,2017,3,Tuesday,6818,84345.33333333333
2017-05-31,2017-05-01,2017,4,Wednesday,6549.833333333333,84345.33333333333
2017-06-01,2017-06-01,2017,5,Thursday,6539.5,84085
2017-06-02,2017-06-01,2017,6,Friday,5530,84085
2017-06-03,2017-06-01,2017,7,Saturday,1396.1666666666667,84085
2017-06-04,2017-06-01,2017,1,Sunday,773.1666666666666,84085
2017-06-05,2017-06-01,2017,2,Monday,6824,84085
2017-06-06,2017-06-01,2017,3,Tuesday,6588.833333333333,84085
2017-06-07,2017-06-01,2017,4,Wednesday,6387.333333333333,84085
2017-06-08,2017-06-01,2017,5,Thursday,6091.5,84085
2017-06-09,2017-06-01,2017,6,Friday,5353.5,84085
2017-06-10,2017-06-01,2017,7,Saturday,1335.6666666666667,84085
2017-06-11,2017-06-01,2017,1,Sunday,758.8333333333334,84085
2017-06-12,2017-06-01,2017,2,Monday,6728.666666666667,84085
2017-06-13,2017-06-01,2017,3,Tuesday,6440.833333333333,84085
2017-06-14,2017-06-01,2017,4,Wednesday,6339.5,84085
2017-06-15,2017-06-01,2017,5,Thursday,6076.833333333333,84085
2017-06-16,2017-06-01,2017,6,Friday,5341,84085
2017-06-17,2017-06-01,2017,7,Saturday,1357.1666666666667,84085
2017-06-18,2017-06-01,2017,1,Sunday,738.1666666666666,84085
2017-06-19,2017-06-01,2017,2,Monday,6725.333333333333,84085
2017-06-20,2017-06-01,2017,3,Tuesday,6466.333333333333,84085
2017-06-21,2017-06-01,2017,4,Wednesday,6239.666666666667,84085
2017-06-22,2017-06-01,2017,5,Thursday,6052.166666666667,84085
2017-06-23,2017-06-01,2017,6,Friday,5256.5,84085
2017-06-24,2017-06-01,2017,7,Saturday,1253,84085
2017-06-25,2017-06-01,2017,1,Sunday,752.5,84085
2017-06-26,2017-06-01,2017,2,Monday,6549.166666666667,84085
2017-06-27,2017-06-01,2017,3,Tuesday,6488.166666666667,84085
2017-06-28,2017-06-01,2017,4,Wednesday,6305.833333333333,84085
2017-06-29,2017-06-01,2017,5,Thursday,6126.5,84085
2017-06-30,2017-06-01,2017,6,Friday,5333.666666666667,84085
2017-07-01,2017-07-01,2017,7,Saturday,1442.8333333333333,83858.16666666667
2017-07-02,2017-07-01,2017,1,Sunday,750.8333333333334,83858.16666666667
2017-07-03,2017-07-01,2017,2,Monday,4589.833333333333,83858.16666666667
2017-07-04,2017-07-01,2017,3,Tuesday,770.5,83858.16666666667
2017-07-05,2017-07-01,2017,4,Wednesday,5925.333333333333,83858.16666666667
2017-07-06,2017-07-01,2017,5,Thursday,6139.166666666667,83858.16666666667
2017-07-07,2017-07-01,2017,6,Friday,5324.5,83858.16666666667
2017-07-08,2017-07-01,2017,7,Saturday,1256.5,83858.16666666667
2017-07-09,2017-07-01,2017,1,Sunday,715.5,83858.16666666667
2017-07-10,2017-07-01,2017,2,Monday,6762.833333333333,83858.16666666667
2017-07-11,2017-07-01,2017,3,Tuesday,6449.5,83858.16666666667
2017-07-12,2017-07-01,2017,4,Wednesday,6359,83858.16666666667
2017-07-13,2017-07-01,2017,5,Thursday,6019.833333333333,83858.16666666667
2017-07-14,2017-07-01,2017,6,Friday,5298.333333333333,83858.16666666667
2017-07-15,2017-07-01,2017,7,Saturday,1311.6666666666667,83858.16666666667
2017-07-16,2017-07-01,2017,1,Sunday,769.8333333333334,83858.16666666667
2017-07-17,2017-07-01,2017,2,Monday,6678.666666666667,83858.16666666667
2017-07-18,2017-07-01,2017,3,Tuesday,6379.166666666667,83858.16666666667
2017-07-19,2017-07-01,2017,4,Wednesday,6234.166666666667,83858.16666666667
2017-07-20,2017-07-01,2017,5,Thursday,5992.833333333333,83858.16666666667
2017-07-21,2017-07-01,2017,6,Friday,5118.333333333333,83858.16666666667
2017-07-22,2017-07-01,2017,7,Saturday,1259.3333333333333,83858.16666666667
2017-07-23,2017-07-01,2017,1,Sunday,754.3333333333334,83858.16666666667
2017-07-24,2017-07-01,2017,2,Monday,6514.5,83858.16666666667
2017-07-25,2017-07-01,2017,3,Tuesday,6268.666666666667,83858.16666666667
2017-07-26,2017-07-01,2017,4,Wednesday,6159,83858.16666666667
2017-07-27,2017-07-01,2017,5,Thursday,5959.5,83858.16666666667
2017-07-28,2017-07-01,2017,6,Friday,5123.666666666667,83858.16666666667
2017-07-29,2017-07-01,2017,7,Saturday,1249.6666666666667,83858.16666666667
2017-07-30,2017-07-01,2017,1,Sunday,758.3333333333334,83858.16666666667
2017-07-31,2017-07-01,2017,2,Monday,6314.333333333333,83858.16666666667
2017-08-01,2017-08-01,2017,3,Tuesday,6370.333333333333,83802.66666666667
2017-08-02,2017-08-01,2017,4,Wednesday,6146.833333333333,83802.66666666667
2017-08-03,2017-08-01,2017,5,Thursday,5929.5,83802.66666666667
2017-08-04,2017-08-01,2017,6,Friday,4997.666666666667,83802.66666666667
2017-08-05,2017-08-01,2017,7,Saturday,1261.3333333333333,83802.66666666667
2017-08-06,2017-08-01,2017,1,Sunday,737,83802.66666666667
2017-08-07,2017-08-01,2017,2,Monday,6462.5,83802.66666666667
2017-08-08,2017-08-01,2017,3,Tuesday,6323.5,83802.66666666667
2017-08-09,2017-08-01,2017,4,Wednesday,6174.833333333333,83802.66666666667
2017-08-10,2017-08-01,2017,5,Thursday,5918.833333333333,83802.66666666667
2017-08-11,2017-08-01,2017,6,Friday,5135.5,83802.66666666667
2017-08-12,2017-08-01,2017,7,Saturday,1265.6666666666667,83802.66666666667
2017-08-13,2017-08-01,2017,1,Sunday,704.8333333333334,83802.66666666667
2017-08-14,2017-08-01,2017,2,Monday,6538.166666666667,83802.66666666667
2017-08-15,2017-08-01,2017,3,Tuesday,6344.333333333333,83802.66666666667
2017-08-16,2017-08-01,2017,4,Wednesday,6177.333333333333,83802.66666666667
2017-08-17,2017-08-01,2017,5,Thursday,5907.833333333333,83802.66666666667
2017-08-18,2017-08-01,2017,6,Friday,5168.666666666667,83802.66666666667
2017-08-19,2017-08-01,2017,7,Saturday,1292.1666666666667,83802.66666666667
2017-08-20,2017-08-01,2017,1,Sunday,722.8333333333334,83802.66666666667
2017-08-21,2017-08-01,2017,2,Monday,6377,83802.66666666667
2017-08-22,2017-08-01,2017,3,Tuesday,6281.5,83802.66666666667
2017-08-23,2017-08-01,2017,4,Wednesday,6196.166666666667,83802.66666666667
2017-08-24,2017-08-01,2017,5,Thursday,5955.5,83802.66666666667
2017-08-25,2017-08-01,2017,6,Friday,5216,83802.66666666667
2017-08-26,2017-08-01,2017,7,Saturday,1230.8333333333333,83802.66666666667
2017-08-27,2017-08-01,2017,1,Sunday,748.6666666666666,83802.66666666667
2017-08-28,2017-08-01,2017,2,Monday,6519,83802.66666666667
2017-08-29,2017-08-01,2017,3,Tuesday,6224.333333333333,83802.66666666667
2017-08-30,2017-08-01,2017,4,Wednesday,6087,83802.66666666667
2017-08-31,2017-08-01,2017,5,Thursday,5921,83802.66666666667
2017-09-01,2017-09-01,2017,6,Friday,5276.166666666667,83721.83333333333
2017-09-02,2017-09-01,2017,7,Saturday,1161.6666666666667,83721.83333333333
2017-09-03,2017-09-01,2017,1,Sunday,724.5,83721.83333333333
2017-09-04,2017-09-01,2017,2,Monday,932.5,83721.83333333333
2017-09-05,2017-09-01,2017,3,Tuesday,6146.166666666667,83721.83333333333
2017-09-06,2017-09-01,2017,4,Wednesday,6295.666666666667,83721.83333333333
2017-09-07,2017-09-01,2017,5,Thursday,6248.166666666667,83721.83333333333
2017-09-08,2017-09-01,2017,6,Friday,5442.666666666667,83721.83333333333
2017-09-09,2017-09-01,2017,7,Saturday,1411,83721.83333333333
2017-09-10,2017-09-01,2017,1,Sunday,786,83721.83333333333
2017-09-11,2017-09-01,2017,2,Monday,6683.666666666667,83721.83333333333
2017-09-12,2017-09-01,2017,3,Tuesday,6415.5,83721.83333333333
2017-09-13,2017-09-01,2017,4,Wednesday,6276.666666666667,83721.83333333333
2017-09-14,2017-09-01,2017,5,Thursday,6123.333333333333,83721.83333333333
2017-09-15,2017-09-01,2017,6,Friday,5443.5,83721.83333333333
2017-09-16,2017-09-01,2017,7,Saturday,1410.3333333333333,83721.83333333333
2017-09-17,2017-09-01,2017,1,Sunday,800,83721.83333333333
2017-09-18,2017-09-01,2017,2,Monday,6796.5,83721.83333333333
2017-09-19,2017-09-01,2017,3,Tuesday,6566.666666666667,83721.83333333333
2017-09-20,2017-09-01,2017,4,Wednesday,6530.833333333333,83721.83333333333
2017-09-21,2017-09-01,2017,5,Thursday,6102.833333333333,83721.83333333333
2017-09-22,2017-09-01,2017,6,Friday,5448.5,83721.83333333333
2017-09-23,2017-09-01,2017,7,Saturday,1433.3333333333333,83721.83333333333
2017-09-24,2017-09-01,2017,1,Sunday,776.3333333333334,83721.83333333333
2017-09-25,2017-09-01,2017,2,Monday,6901.166666666667,83721.83333333333
2017-09-26,2017-09-01,2017,3,Tuesday,6587.666666666667,83721.83333333333
2017-09-27,2017-09-01,2017,4,Wednesday,6447.833333333333,83721.83333333333
2017-09-28,2017-09-01,2017,5,Thursday,6268.833333333333,83721.83333333333
2017-09-29,2017-09-01,2017,6,Friday,5504.666666666667,83721.83333333333
2017-09-30,2017-09-01,2017,7,Saturday,1440.5,83721.83333333333
2017-10-01,2017-10-01,2017,1,Sunday,992.8333333333334,83561.16666666667
2017-10-02,2017-10-01,2017,2,Monday,6766.5,83561.16666666667
2017-10-03,2017-10-01,2017,3,Tuesday,6471.333333333333,83561.16666666667
2017-10-04,2017-10-01,2017,4,Wednesday,6403.833333333333,83561.16666666667
2017-10-05,2017-10-01,2017,5,Thursday,6127.333333333333,83561.16666666667
2017-10-06,2017-10-01,2017,6,Friday,5335.833333333333,83561.16666666667
2017-10-07,2017-10-01,2017,7,Saturday,1383.3333333333333,83561.16666666667
2017-10-08,2017-10-01,2017,1,Sunday,754,83561.16666666667
2017-10-09,2017-10-01,2017,2,Monday,6436.333333333333,83561.16666666667
2017-10-10,2017-10-01,2017,3,Tuesday,6496.333333333333,83561.16666666667
2017-10-11,2017-10-01,2017,4,Wednesday,6503.833333333333,83561.16666666667
2017-10-12,2017-10-01,2017,5,Thursday,6209,83561.16666666667
2017-10-13,2017-10-01,2017,6,Friday,5434.5,83561.16666666667
2017-10-14,2017-10-01,2017,7,Saturday,1428.3333333333333,83561.16666666667
2017-10-15,2017-10-01,2017,1,Sunday,749.3333333333334,83561.16666666667
2017-10-16,2017-10-01,2017,2,Monday,6904.666666666667,83561.16666666667
2017-10-17,2017-10-01,2017,3,Tuesday,6734,83561.16666666667
2017-10-18,2017-10-01,2017,4,Wednesday,6622.166666666667,83561.16666666667
2017-10-19,2017-10-01,2017,5,Thursday,6256.166666666667,83561.16666666667
2017-10-20,2017-10-01,2017,6,Friday,5509.666666666667,83561.16666666667
2017-10-21,2017-10-01,2017,7,Saturday,1473.8333333333333,83561.16666666667
2017-10-22,2017-10-01,2017,1,Sunday,772.5,83561.16666666667
2017-10-23,2017-10-01,2017,2,Monday,6916,83561.16666666667
2017-10-24,2017-10-01,2017,3,Tuesday,6668.5,83561.16666666667
2017-10-25,2017-10-01,2017,4,Wednesday,6569.666666666667,83561.16666666667
2017-10-26,2017-10-01,2017,5,Thursday,6357.666666666667,83561.16666666667
2017-10-27,2017-10-01,2017,6,Friday,5628,83561.16666666667
2017-10-28,2017-10-01,2017,7,Saturday,1431.1666666666667,83561.16666666667
2017-10-29,2017-10-01,2017,1,Sunday,695.8333333333334,83561.16666666667
2017-10-30,2017-10-01,2017,2,Monday,6776.166666666667,83561.16666666667
2017-10-31,2017-10-01,2017,3,Tuesday,5921,83561.16666666667
2017-11-01,2017-11-01,2017,4,Wednesday,6650.5,83444
2017-11-02,2017-11-01,2017,5,Thursday,6305.166666666667,83444
2017-11-03,2017-11-01,2017,6,Friday,5554.5,83444
2017-11-04,2017-11-01,2017,7,Saturday,1481.6666666666667,83444
2017-11-05,2017-11-01,2017,1,Sunday,760.5,83444
2017-11-06,2017-11-01,2017,2,Monday,6830.833333333333,83444
2017-11-07,2017-11-01,2017,3,Tuesday,6711.5,83444
2017-11-08,2017-11-01,2017,4,Wednesday,6397.833333333333,83444
2017-11-09,2017-11-01,2017,5,Thursday,6234.333333333333,83444
2017-11-10,2017-11-01,2017,6,Friday,5674.666666666667,83444
2017-11-11,2017-11-01,2017,7,Saturday,1391.1666666666667,83444
2017-11-12,2017-11-01,2017,1,Sunday,764.6666666666666,83444
2017-11-13,2017-11-01,2017,2,Monday,6935.5,83444
2017-11-14,2017-11-01,2017,3,Tuesday,6645.333333333333,83444
2017-11-15,2017-11-01,2017,4,Wednesday,6552.666666666667,83444
2017-11-16,2017-11-01,2017,5,Thursday,6441,83444
2017-11-17,2017-11-01,2017,6,Friday,5714.833333333333,83444
2017-11-18,2017-11-01,2017,7,Saturday,1404,83444
2017-11-19,2017-11-01,2017,1,Sunday,784.3333333333334,83444
2017-11-20,2017-11-01,2017,2,Monday,7143,83444
2017-11-21,2017-11-01,2017,3,Tuesday,6631,83444
2017-11-22,2017-11-01,2017,4,Wednesday,5817.166666666667,83444
2017-11-23,2017-11-01,2017,5,Thursday,602.6666666666666,83444
2017-11-24,2017-11-01,2017,6,Friday,2467.3333333333335,83444
2017-11-25,2017-11-01,2017,7,Saturday,1202.1666666666667,83444
2017-11-26,2017-11-01,2017,1,Sunday,741.1666666666666,83444
2017-11-27,2017-11-01,2017,2,Monday,6916.5,83444
2017-11-28,2017-11-01,2017,3,Tuesday,6742.333333333333,83444
2017-11-29,2017-11-01,2017,4,Wednesday,6633.666666666667,83444
2017-11-30,2017-11-01,2017,5,Thursday,6519,83444
2017-12-01,2017-12-01,2017,6,Friday,5801,82813.66666666667
2017-12-02,2017-12-01,2017,7,Saturday,1422,82813.66666666667
2017-12-03,2017-12-01,2017,1,Sunday,794.6666666666666,82813.66666666667
2017-12-04,2017-12-01,2017,2,Monday,6937.666666666667,82813.66666666667
2017-12-05,2017-12-01,2017,3,Tuesday,6641.833333333333,82813.66666666667
2017-12-06,2017-12-01,2017,4,Wednesday,6161.333333333333,82813.66666666667
2017-12-07,2017-12-01,2017,5,Thursday,6037.833333333333,82813.66666666667
2017-12-08,2017-12-01,2017,6,Friday,5263.333333333333,82813.66666666667
2017-12-09,2017-12-01,2017,7,Saturday,1367.6666666666667,82813.66666666667
2017-12-10,2017-12-01,2017,1,Sunday,749,82813.66666666667
2017-12-11,2017-12-01,2017,2,Monday,6811.5,82813.66666666667
2017-12-12,2017-12-01,2017,3,Tuesday,6000.166666666667,82813.66666666667
2017-12-13,2017-12-01,2017,4,Wednesday,6251.666666666667,82813.66666666667
2017-12-14,2017-12-01,2017,5,Thursday,6152.666666666667,82813.66666666667
2017-12-15,2017-12-01,2017,6,Friday,5436.833333333333,82813.66666666667
2017-12-16,2017-12-01,2017,7,Saturday,1403.6666666666667,82813.66666666667
2017-12-17,2017-12-01,2017,1,Sunday,766.6666666666666,82813.66666666667
2017-12-18,2017-12-01,2017,2,Monday,6978.333333333333,82813.66666666667
2017-12-19,2017-12-01,2017,3,Tuesday,6563.5,82813.66666666667
2017-12-20,2017-12-01,2017,4,Wednesday,6281.333333333333,82813.66666666667
2017-12-21,2017-12-01,2017,5,Thursday,5860.666666666667,82813.66666666667
2017-12-22,2017-12-01,2017,6,Friday,4658.833333333333,82813.66666666667
2017-12-23,2017-12-01,2017,7,Saturday,1179.6666666666667,82813.66666666667
2017-12-24,2017-12-01,2017,1,Sunday,753.1666666666666,82813.66666666667
2017-12-25,2017-12-01,2017,2,Monday,559.6666666666666,82813.66666666667
2017-12-26,2017-12-01,2017,3,Tuesday,3922.1666666666665,82813.66666666667
2017-12-27,2017-12-01,2017,4,Wednesday,5520.166666666667,82813.66666666667
2017-12-28,2017-12-01,2017,5,Thursday,5563,82813.66666666667
2017-12-29,2017-12-01,2017,6,Friday,4919.166666666667,82813.66666666667
2017-12-30,2017-12-01,2017,7,Saturday,1313.6666666666667,82813.66666666667
2017-12-31,2017-12-01,2017,1,Sunday,862.1666666666666,82813.66666666667
2018-01-01,2018-01-01,2018,2,Monday,1160.8333333333333,83661.33333333333
2018-01-02,2018-01-01,2018,3,Tuesday,5871,83661.33333333333
2018-01-03,2018-01-01,2018,4,Wednesday,6534.833333333333,83661.33333333333
2018-01-04,2018-01-01,2018,5,Thursday,5907.833333333333,83661.33333333333
2018-01-05,2018-01-01,2018,6,Friday,5337.333333333333,83661.33333333333
2018-01-06,2018-01-01,2018,7,Saturday,1401.1666666666667,83661.33333333333
2018-01-07,2018-01-01,2018,1,Sunday,805,83661.33333333333
2018-01-08,2018-01-01,2018,2,Monday,6771.166666666667,83661.33333333333
2018-01-09,2018-01-01,2018,3,Tuesday,6841.5,83661.33333333333
2018-01-10,2018-01-01,2018,4,Wednesday,6610.166666666667,83661.33333333333
2018-01-11,2018-01-01,2018,5,Thursday,6453.666666666667,83661.33333333333
2018-01-12,2018-01-01,2018,6,Friday,5612.833333333333,83661.33333333333
2018-01-13,2018-01-01,2018,7,Saturday,1249.6666666666667,83661.33333333333
2018-01-14,2018-01-01,2018,1,Sunday,798.1666666666666,83661.33333333333
2018-01-15,2018-01-01,2018,2,Monday,6421,83661.33333333333
2018-01-16,2018-01-01,2018,3,Tuesday,6562.333333333333,83661.33333333333
2018-01-17,2018-01-01,2018,4,Wednesday,6181.166666666667,83661.33333333333
2018-01-18,2018-01-01,2018,5,Thursday,6199.833333333333,83661.33333333333
2018-01-19,2018-01-01,2018,6,Friday,5711.166666666667,83661.33333333333
2018-01-20,2018-01-01,2018,7,Saturday,1539,83661.33333333333
2018-01-21,2018-01-01,2018,1,Sunday,887.3333333333334,83661.33333333333
2018-01-22,2018-01-01,2018,2,Monday,7075.666666666667,83661.33333333333
2018-01-23,2018-01-01,2018,3,Tuesday,6729.5,83661.33333333333
2018-01-24,2018-01-01,2018,4,Wednesday,6517.666666666667,83661.33333333333
2018-01-25,2018-01-01,2018,5,Thursday,6354.166666666667,83661.33333333333
2018-01-26,2018-01-01,2018,6,Friday,5767.166666666667,83661.33333333333
2018-01-27,2018-01-01,2018,7,Saturday,1518.1666666666667,83661.33333333333
2018-01-28,2018-01-01,2018,1,Sunday,885.5,83661.33333333333
2018-01-29,2018-01-01,2018,2,Monday,7028.333333333333,83661.33333333333
2018-01-30,2018-01-01,2018,3,Tuesday,6402.166666666667,83661.33333333333
2018-01-31,2018-01-01,2018,4,Wednesday,6486.666666666667,83661.33333333333
2018-02-01,2018-02-01,2018,5,Thursday,6573.166666666667,83654.33333333333
2018-02-02,2018-02-01,2018,6,Friday,5583.333333333333,83654.33333333333
2018-02-03,2018-02-01,2018,7,Saturday,1505.8333333333333,83654.33333333333
2018-02-04,2018-02-01,2018,1,Sunday,834.1666666666666,83654.33333333333
2018-02-05,2018-02-01,2018,2,Monday,6846.666666666667,83654.33333333333
2018-02-06,2018-02-01,2018,3,Tuesday,6603.833333333333,83654.33333333333
2018-02-07,2018-02-01,2018,4,Wednesday,5555.333333333333,83654.33333333333
2018-02-08,2018-02-01,2018,5,Thursday,6189.166666666667,83654.33333333333
2018-02-09,2018-02-01,2018,6,Friday,5648.333333333333,83654.33333333333
2018-02-10,2018-02-01,2018,7,Saturday,1492.6666666666667,83654.33333333333
2018-02-11,2018-02-01,2018,1,Sunday,898,83654.33333333333
2018-02-12,2018-02-01,2018,2,Monday,7092.666666666667,83654.33333333333
2018-02-13,2018-02-01,2018,3,Tuesday,6558,83654.33333333333
2018-02-14,2018-02-01,2018,4,Wednesday,6244.333333333333,83654.33333333333
2018-02-15,2018-02-01,2018,5,Thursday,6317.166666666667,83654.33333333333
2018-02-16,2018-02-01,2018,6,Friday,5619,83654.33333333333
2018-02-17,2018-02-01,2018,7,Saturday,1463.6666666666667,83654.33333333333
2018-02-18,2018-02-01,2018,1,Sunday,827.8333333333334,83654.33333333333
2018-02-19,2018-02-01,2018,2,Monday,6421,83654.33333333333
2018-02-20,2018-02-01,2018,3,Tuesday,6387,83654.33333333333
2018-02-21,2018-02-01,2018,4,Wednesday,6242.166666666667,83654.33333333333
2018-02-22,2018-02-01,2018,5,Thursday,5843,83654.33333333333
2018-02-23,2018-02-01,2018,6,Friday,5328.5,83654.33333333333
2018-02-24,2018-02-01,2018,7,Saturday,1421.8333333333333,83654.33333333333
2018-02-25,2018-02-01,2018,1,Sunday,802.6666666666666,83654.33333333333
2018-02-26,2018-02-01,2018,2,Monday,6881.833333333333,83654.33333333333
2018-02-27,2018-02-01,2018,3,Tuesday,6578.833333333333,83654.33333333333
2018-02-28,2018-02-01,2018,4,Wednesday,6642.666666666667,83654.33333333333
2018-03-01,2018-03-01,2018,5,Thursday,6484.5,83353.16666666667
2018-03-02,2018-03-01,2018,6,Friday,3949,83353.16666666667
2018-03-03,2018-03-01,2018,7,Saturday,1423.3333333333333,83353.16666666667
2018-03-04,2018-03-01,2018,1,Sunday,789.1666666666666,83353.16666666667
2018-03-05,2018-03-01,2018,2,Monday,6858.666666666667,83353.16666666667
2018-03-06,2018-03-01,2018,3,Tuesday,6608.166666666667,83353.16666666667
2018-03-07,2018-03-01,2018,4,Wednesday,6088.166666666667,83353.16666666667
2018-03-08,2018-03-01,2018,5,Thursday,6081.833333333333,83353.16666666667
2018-03-09,2018-03-01,2018,6,Friday,5624.666666666667,83353.16666666667
2018-03-10,2018-03-01,2018,7,Saturday,1423.8333333333333,83353.16666666667
2018-03-11,2018-03-01,2018,1,Sunday,794.1666666666666,83353.16666666667
2018-03-12,2018-03-01,2018,2,Monday,7005.833333333333,83353.16666666667
2018-03-13,2018-03-01,2018,3,Tuesday,6276.666666666667,83353.16666666667
2018-03-14,2018-03-01,2018,4,Wednesday,6164.666666666667,83353.16666666667
2018-03-15,2018-03-01,2018,5,Thursday,6186.333333333333,83353.16666666667
2018-03-16,2018-03-01,2018,6,Friday,5494.166666666667,83353.16666666667
2018-03-17,2018-03-01,2018,7,Saturday,1382.3333333333333,83353.16666666667
2018-03-18,2018-03-01,2018,1,Sunday,822.5,83353.16666666667
2018-03-19,2018-03-01,2018,2,Monday,6879.166666666667,83353.16666666667
2018-03-20,2018-03-01,2018,3,Tuesday,6530.166666666667,83353.16666666667
2018-03-21,2018-03-01,2018,4,Wednesday,6305.833333333333,83353.16666666667
2018-03-22,2018-03-01,2018,5,Thursday,6177.333333333333,83353.16666666667
2018-03-23,2018-03-01,2018,6,Friday,5509.666666666667,83353.16666666667
2018-03-24,2018-03-01,2018,7,Saturday,1359,83353.16666666667
2018-03-25,2018-03-01,2018,1,Sunday,771,83353.16666666667
2018-03-26,2018-03-01,2018,2,Monday,6847.666666666667,83353.16666666667
2018-03-27,2018-03-01,2018,3,Tuesday,6505.333333333333,83353.16666666667
2018-03-28,2018-03-01,2018,4,Wednesday,6432.166666666667,83353.16666666667
2018-03-29,2018-03-01,2018,5,Thursday,5999.333333333333,83353.16666666667
2018-03-30,2018-03-01,2018,6,Friday,4813.833333333333,83353.16666666667
2018-03-31,2018-03-01,2018,7,Saturday,1233.6666666666667,83353.16666666667
2018-04-01,2018-04-01,2018,1,Sunday,895,82353.83333333333
2018-04-02,2018-04-01,2018,2,Monday,5924.333333333333,82353.83333333333
2018-04-03,2018-04-01,2018,3,Tuesday,5820.5,82353.83333333333
2018-04-04,2018-04-01,2018,4,Wednesday,5719.666666666667,82353.83333333333
2018-04-05,2018-04-01,2018,5,Thursday,5704,82353.83333333333
2018-04-06,2018-04-01,2018,6,Friday,5112.166666666667,82353.83333333333
2018-04-07,2018-04-01,2018,7,Saturday,1337.8333333333333,82353.83333333333
2018-04-08,2018-04-01,2018,1,Sunday,791,82353.83333333333
2018-04-09,2018-04-01,2018,2,Monday,6856.5,82353.83333333333
2018-04-10,2018-04-01,2018,3,Tuesday,6517.333333333333,82353.83333333333
2018-04-11,2018-04-01,2018,4,Wednesday,6400.5,82353.83333333333
2018-04-12,2018-04-01,2018,5,Thursday,6127.166666666667,82353.83333333333
2018-04-13,2018-04-01,2018,6,Friday,5568.666666666667,82353.83333333333
2018-04-14,2018-04-01,2018,7,Saturday,1395.5,82353.83333333333
2018-04-15,2018-04-01,2018,1,Sunday,774.1666666666666,82353.83333333333
2018-04-16,2018-04-01,2018,2,Monday,6640.833333333333,82353.83333333333
2018-04-17,2018-04-01,2018,3,Tuesday,6402.666666666667,82353.83333333333
2018-04-18,2018-04-01,2018,4,Wednesday,6418.333333333333,82353.83333333333
2018-04-19,2018-04-01,2018,5,Thursday,6119.666666666667,82353.83333333333
2018-04-20,2018-04-01,2018,6,Friday,5505.833333333333,82353.83333333333
2018-04-21,2018-04-01,2018,7,Saturday,1328,82353.83333333333
2018-04-22,2018-04-01,2018,1,Sunday,755.8333333333334,82353.83333333333
2018-04-23,2018-04-01,2018,2,Monday,6781.666666666667,82353.83333333333
2018-04-24,2018-04-01,2018,3,Tuesday,6461.833333333333,82353.83333333333
2018-04-25,2018-04-01,2018,4,Wednesday,6324.333333333333,82353.83333333333
2018-04-26,2018-04-01,2018,5,Thursday,6091.5,82353.83333333333
2018-04-27,2018-04-01,2018,6,Friday,5382.166666666667,82353.83333333333
2018-04-28,2018-04-01,2018,7,Saturday,1342.6666666666667,82353.83333333333
2018-04-29,2018-04-01,2018,1,Sunday,756.8333333333334,82353.83333333333
2018-04-30,2018-04-01,2018,2,Monday,6819.166666666667,82353.83333333333
2018-05-01,2018-05-01,2018,3,Tuesday,6693,82196.16666666667
2018-05-02,2018-05-01,2018,4,Wednesday,6157.5,82196.16666666667
2018-05-03,2018-05-01,2018,5,Thursday,6080.166666666667,82196.16666666667
2018-05-04,2018-05-01,2018,6,Friday,5381.333333333333,82196.16666666667
2018-05-05,2018-05-01,2018,7,Saturday,1348,82196.16666666667
2018-05-06,2018-05-01,2018,1,Sunday,770.3333333333334,82196.16666666667
2018-05-07,2018-05-01,2018,2,Monday,6821.333333333333,82196.16666666667
2018-05-08,2018-05-01,2018,3,Tuesday,6434.333333333333,82196.16666666667
2018-05-09,2018-05-01,2018,4,Wednesday,6371,82196.16666666667
2018-05-10,2018-05-01,2018,5,Thursday,6151.333333333333,82196.16666666667
2018-05-11,2018-05-01,2018,6,Friday,5400.5,82196.16666666667
2018-05-12,2018-05-01,2018,7,Saturday,1306.8333333333333,82196.16666666667
2018-05-13,2018-05-01,2018,1,Sunday,676.5,82196.16666666667
2018-05-14,2018-05-01,2018,2,Monday,6874.666666666667,82196.16666666667
2018-05-15,2018-05-01,2018,3,Tuesday,6518.666666666667,82196.16666666667
2018-05-16,2018-05-01,2018,4,Wednesday,6418.833333333333,82196.16666666667
2018-05-17,2018-05-01,2018,5,Thursday,6041.166666666667,82196.16666666667
2018-05-18,2018-05-01,2018,6,Friday,5287.166666666667,82196.16666666667
2018-05-19,2018-05-01,2018,7,Saturday,1310.1666666666667,82196.16666666667
2018-05-20,2018-05-01,2018,1,Sunday,742.3333333333334,82196.16666666667
2018-05-21,2018-05-01,2018,2,Monday,6805.666666666667,82196.16666666667
2018-05-22,2018-05-01,2018,3,Tuesday,6430.166666666667,82196.16666666667
2018-05-23,2018-05-01,2018,4,Wednesday,6358.833333333333,82196.16666666667
2018-05-24,2018-05-01,2018,5,Thursday,6047.166666666667,82196.16666666667
2018-05-25,2018-05-01,2018,6,Friday,5172.666666666667,82196.16666666667
2018-05-26,2018-05-01,2018,7,Saturday,1203.3333333333333,82196.16666666667
2018-05-27,2018-05-01,2018,1,Sunday,746.8333333333334,82196.16666666667
2018-05-28,2018-05-01,2018,2,Monday,929,82196.16666666667
2018-05-29,2018-05-01,2018,3,Tuesday,6776.333333333333,82196.16666666667
2018-05-30,2018-05-01,2018,4,Wednesday,6643,82196.16666666667
2018-05-31,2018-05-01,2018,5,Thursday,6242.666666666667,82196.16666666667
2018-06-01,2018-06-01,2018,6,Friday,5631.333333333333,82144
2018-06-02,2018-06-01,2018,7,Saturday,1363.5,82144
2018-06-03,2018-06-01,2018,1,Sunday,757.5,82144
2018-06-04,2018-06-01,2018,2,Monday,6852.5,82144
2018-06-05,2018-06-01,2018,3,Tuesday,6581.333333333333,82144
2018-06-06,2018-06-01,2018,4,Wednesday,6372.333333333333,82144
2018-06-07,2018-06-01,2018,5,Thursday,6223.666666666667,82144
2018-06-08,2018-06-01,2018,6,Friday,5286.166666666667,82144
2018-06-09,2018-06-01,2018,7,Saturday,1249.5,82144
2018-06-10,2018-06-01,2018,1,Sunday,743.1666666666666,82144
2018-06-11,2018-06-01,2018,2,Monday,6781.333333333333,82144
2018-06-12,2018-06-01,2018,3,Tuesday,6525.166666666667,82144
2018-06-13,2018-06-01,2018,4,Wednesday,6374.666666666667,82144
2018-06-14,2018-06-01,2018,5,Thursday,6127.333333333333,82144
2018-06-15,2018-06-01,2018,6,Friday,5305,82144
2018-06-16,2018-06-01,2018,7,Saturday,1230.6666666666667,82144
2018-06-17,2018-06-01,2018,1,Sunday,717.6666666666666,82144
2018-06-18,2018-06-01,2018,2,Monday,6699.666666666667,82144
2018-06-19,2018-06-01,2018,3,Tuesday,6430.666666666667,82144
2018-06-20,2018-06-01,2018,4,Wednesday,6268.5,82144
2018-06-21,2018-06-01,2018,5,Thursday,5999.333333333333,82144
2018-06-22,2018-06-01,2018,6,Friday,5124.333333333333,82144
2018-06-23,2018-06-01,2018,7,Saturday,1258.8333333333333,82144
2018-06-24,2018-06-01,2018,1,Sunday,762.6666666666666,82144
2018-06-25,2018-06-01,2018,2,Monday,6634.5,82144
2018-06-26,2018-06-01,2018,3,Tuesday,6503,82144
2018-06-27,2018-06-01,2018,4,Wednesday,6385.166666666667,82144
2018-06-28,2018-06-01,2018,5,Thursday,6087.333333333333,82144
2018-06-29,2018-06-01,2018,6,Friday,5260.5,82144
2018-06-30,2018-06-01,2018,7,Saturday,1303.5,82144
2018-07-01,2018-07-01,2018,1,Sunday,991.8333333333334,82142.83333333333
2018-07-02,2018-07-01,2018,2,Monday,6254.5,82142.83333333333
2018-07-03,2018-07-01,2018,3,Tuesday,5875.5,82142.83333333333
2018-07-04,2018-07-01,2018,4,Wednesday,857.3333333333334,82142.83333333333
2018-07-05,2018-07-01,2018,5,Thursday,5376.5,82142.83333333333
2018-07-06,2018-07-01,2018,6,Friday,5005.833333333333,82142.83333333333
2018-07-07,2018-07-01,2018,7,Saturday,1264.8333333333333,82142.83333333333
2018-07-08,2018-07-01,2018,1,Sunday,765.5,82142.83333333333
2018-07-09,2018-07-01,2018,2,Monday,6771.5,82142.83333333333
2018-07-10,2018-07-01,2018,3,Tuesday,6557.333333333333,82142.83333333333
2018-07-11,2018-07-01,2018,4,Wednesday,6398.333333333333,82142.83333333333
2018-07-12,2018-07-01,2018,5,Thursday,6210.166666666667,82142.83333333333
2018-07-13,2018-07-01,2018,6,Friday,5246.833333333333,82142.83333333333
2018-07-14,2018-07-01,2018,7,Saturday,1285,82142.83333333333
2018-07-15,2018-07-01,2018,1,Sunday,758.5,82142.83333333333
2018-07-16,2018-07-01,2018,2,Monday,6622.5,82142.83333333333
2018-07-17,2018-07-01,2018,3,Tuesday,6431,82142.83333333333
2018-07-18,2018-07-01,2018,4,Wednesday,6281,82142.83333333333
2018-07-19,2018-07-01,2018,5,Thursday,6027.833333333333,82142.83333333333
2018-07-20,2018-07-01,2018,6,Friday,5158.666666666667,82142.83333333333
2018-07-21,2018-07-01,2018,7,Saturday,1243.8333333333333,82142.83333333333
2018-07-22,2018-07-01,2018,1,Sunday,731.8333333333334,82142.83333333333
2018-07-23,2018-07-01,2018,2,Monday,6544.833333333333,82142.83333333333
2018-07-24,2018-07-01,2018,3,Tuesday,6410.333333333333,82142.83333333333
2018-07-25,2018-07-01,2018,4,Wednesday,6239.5,82142.83333333333
2018-07-26,2018-07-01,2018,5,Thursday,5948.333333333333,82142.83333333333
2018-07-27,2018-07-01,2018,6,Friday,5097.5,82142.83333333333
2018-07-28,2018-07-01,2018,7,Saturday,1206.1666666666667,82142.83333333333
2018-07-29,2018-07-01,2018,1,Sunday,728.8333333333334,82142.83333333333
2018-07-30,2018-07-01,2018,2,Monday,6473.166666666667,82142.83333333333
2018-07-31,2018-07-01,2018,3,Tuesday,6384.666666666667,82142.83333333333
2018-08-01,2018-08-01,2018,4,Wednesday,6286.833333333333,81918.5
2018-08-02,2018-08-01,2018,5,Thursday,5848.333333333333,81918.5
2018-08-03,2018-08-01,2018,6,Friday,5009.666666666667,81918.5
2018-08-04,2018-08-01,2018,7,Saturday,1220.6666666666667,81918.5
2018-08-05,2018-08-01,2018,1,Sunday,726.6666666666666,81918.5
2018-08-06,2018-08-01,2018,2,Monday,6533.333333333333,81918.5
2018-08-07,2018-08-01,2018,3,Tuesday,6328.833333333333,81918.5
2018-08-08,2018-08-01,2018,4,Wednesday,6142.666666666667,81918.5
2018-08-09,2018-08-01,2018,5,Thursday,5883.333333333333,81918.5
2018-08-10,2018-08-01,2018,6,Friday,5110.666666666667,81918.5
2018-08-11,2018-08-01,2018,7,Saturday,1227.8333333333333,81918.5
2018-08-12,2018-08-01,2018,1,Sunday,745.8333333333334,81918.5
2018-08-13,2018-08-01,2018,2,Monday,6618.5,81918.5
2018-08-14,2018-08-01,2018,3,Tuesday,6505.5,81918.5
2018-08-15,2018-08-01,2018,4,Wednesday,6304,81918.5
2018-08-16,2018-08-01,2018,5,Thursday,6047.333333333333,81918.5
2018-08-17,2018-08-01,2018,6,Friday,5173,81918.5
2018-08-18,2018-08-01,2018,7,Saturday,1254.8333333333333,81918.5
2018-08-19,2018-08-01,2018,1,Sunday,714,81918.5
2018-08-20,2018-08-01,2018,2,Monday,6730.166666666667,81918.5
2018-08-21,2018-08-01,2018,3,Tuesday,6458.833333333333,81918.5
2018-08-22,2018-08-01,2018,4,Wednesday,6250.5,81918.5
2018-08-23,2018-08-01,2018,5,Thursday,6021.333333333333,81918.5
2018-08-24,2018-08-01,2018,6,Friday,5134.333333333333,81918.5
2018-08-25,2018-08-01,2018,7,Saturday,1230.3333333333333,81918.5
2018-08-26,2018-08-01,2018,1,Sunday,728,81918.5
2018-08-27,2018-08-01,2018,2,Monday,6688.833333333333,81918.5
2018-08-28,2018-08-01,2018,3,Tuesday,6431.166666666667,81918.5
2018-08-29,2018-08-01,2018,4,Wednesday,6359.166666666667,81918.5
2018-08-30,2018-08-01,2018,5,Thursday,6081.5,81918.5
2018-08-31,2018-08-01,2018,6,Friday,5183.333333333333,81918.5
2018-09-01,2018-09-01,2018,7,Saturday,1372.3333333333333,81785.5
2018-09-02,2018-09-01,2018,1,Sunday,727.5,81785.5
2018-09-03,2018-09-01,2018,2,Monday,904.8333333333334,81785.5
2018-09-04,2018-09-01,2018,3,Tuesday,6431,81785.5
2018-09-05,2018-09-01,2018,4,Wednesday,6349.5,81785.5
2018-09-06,2018-09-01,2018,5,Thursday,6218.333333333333,81785.5
2018-09-07,2018-09-01,2018,6,Friday,5545.833333333333,81785.5
2018-09-08,2018-09-01,2018,7,Saturday,1380.1666666666667,81785.5
2018-09-09,2018-09-01,2018,1,Sunday,718,81785.5
2018-09-10,2018-09-01,2018,2,Monday,6628,81785.5
2018-09-11,2018-09-01,2018,3,Tuesday,6525.5,81785.5
2018-09-12,2018-09-01,2018,4,Wednesday,6498.5,81785.5
2018-09-13,2018-09-01,2018,5,Thursday,6296.833333333333,81785.5
2018-09-14,2018-09-01,2018,6,Friday,5341,81785.5
2018-09-15,2018-09-01,2018,7,Saturday,1414.8333333333333,81785.5
2018-09-16,2018-09-01,2018,1,Sunday,775.6666666666666,81785.5
2018-09-17,2018-09-01,2018,2,Monday,6861,81785.5
2018-09-18,2018-09-01,2018,3,Tuesday,6706.166666666667,81785.5
2018-09-19,2018-09-01,2018,4,Wednesday,6439.166666666667,81785.5
2018-09-20,2018-09-01,2018,5,Thursday,6354.166666666667,81785.5
2018-09-21,2018-09-01,2018,6,Friday,5495.166666666667,81785.5
2018-09-22,2018-09-01,2018,7,Saturday,1413.1666666666667,81785.5
2018-09-23,2018-09-01,2018,1,Sunday,740,81785.5
2018-09-24,2018-09-01,2018,2,Monday,6811.166666666667,81785.5
2018-09-25,2018-09-01,2018,3,Tuesday,6654.166666666667,81785.5
2018-09-26,2018-09-01,2018,4,Wednesday,6556.166666666667,81785.5
2018-09-27,2018-09-01,2018,5,Thursday,6249.833333333333,81785.5
2018-09-28,2018-09-01,2018,6,Friday,5447.666666666667,81785.5
2018-09-29,2018-09-01,2018,7,Saturday,1436.3333333333333,81785.5
2018-09-30,2018-09-01,2018,1,Sunday,798.8333333333334,81785.5
2018-10-01,2018-10-01,2018,2,Monday,7029.833333333333,81848.66666666667
2018-10-02,2018-10-01,2018,3,Tuesday,6591.166666666667,81848.66666666667
2018-10-03,2018-10-01,2018,4,Wednesday,6646.5,81848.66666666667
2018-10-04,2018-10-01,2018,5,Thursday,6371.666666666667,81848.66666666667
2018-10-05,2018-10-01,2018,6,Friday,5431,81848.66666666667
2018-10-06,2018-10-01,2018,7,Saturday,1384.5,81848.66666666667
2018-10-07,2018-10-01,2018,1,Sunday,731.1666666666666,81848.66666666667
2018-10-08,2018-10-01,2018,2,Monday,6540.166666666667,81848.66666666667
2018-10-09,2018-10-01,2018,3,Tuesday,6632.166666666667,81848.66666666667
2018-10-10,2018-10-01,2018,4,Wednesday,6718.166666666667,81848.66666666667
2018-10-11,2018-10-01,2018,5,Thursday,6505,81848.66666666667
2018-10-12,2018-10-01,2018,6,Friday,5469.333333333333,81848.66666666667
2018-10-13,2018-10-01,2018,7,Saturday,1467.3333333333333,81848.66666666667
2018-10-14,2018-10-01,2018,1,Sunday,731.8333333333334,81848.66666666667
2018-10-15,2018-10-01,2018,2,Monday,6987.5,81848.66666666667
2018-10-16,2018-10-01,2018,3,Tuesday,6776,81848.66666666667
2018-10-17,2018-10-01,2018,4,Wednesday,6733.666666666667,81848.66666666667
2018-10-18,2018-10-01,2018,5,Thursday,6338.333333333333,81848.66666666667
2018-10-19,2018-10-01,2018,6,Friday,5538.333333333333,81848.66666666667
2018-10-20,2018-10-01,2018,7,Saturday,1446,81848.66666666667
2018-10-21,2018-10-01,2018,1,Sunday,716.1666666666666,81848.66666666667
2018-10-22,2018-10-01,2018,2,Monday,6960.833333333333,81848.66666666667
2018-10-23,2018-10-01,2018,3,Tuesday,6881.5,81848.66666666667
2018-10-24,2018-10-01,2018,4,Wednesday,6728.666666666667,81848.66666666667
2018-10-25,2018-10-01,2018,5,Thursday,6451.833333333333,81848.66666666667
2018-10-26,2018-10-01,2018,6,Friday,5635.666666666667,81848.66666666667
2018-10-27,2018-10-01,2018,7,Saturday,1389,81848.66666666667
2018-10-28,2018-10-01,2018,1,Sunday,714.1666666666666,81848.66666666667
2018-10-29,2018-10-01,2018,2,Monday,6841.5,81848.66666666667
2018-10-30,2018-10-01,2018,3,Tuesday,6606.166666666667,81848.66666666667
2018-10-31,2018-10-01,2018,4,Wednesday,5993.833333333333,81848.66666666667
2018-11-01,2018-11-01,2018,5,Thursday,6465.333333333333,81771.66666666667
2018-11-02,2018-11-01,2018,6,Friday,5626.333333333333,81771.66666666667
2018-11-03,2018-11-01,2018,7,Saturday,1426.6666666666667,81771.66666666667
2018-11-04,2018-11-01,2018,1,Sunday,710,81771.66666666667
2018-11-05,2018-11-01,2018,2,Monday,6910.166666666667,81771.66666666667
2018-11-06,2018-11-01,2018,3,Tuesday,6943,81771.66666666667
2018-11-07,2018-11-01,2018,4,Wednesday,6558.333333333333,81771.66666666667
2018-11-08,2018-11-01,2018,5,Thursday,6461.833333333333,81771.66666666667
2018-11-09,2018-11-01,2018,6,Friday,5541.166666666667,81771.66666666667
2018-11-10,2018-11-01,2018,7,Saturday,1377.6666666666667,81771.66666666667
2018-11-11,2018-11-01,2018,1,Sunday,763.1666666666666,81771.66666666667
2018-11-12,2018-11-01,2018,2,Monday,7011.5,81771.66666666667
2018-11-13,2018-11-01,2018,3,Tuesday,6648.5,81771.66666666667
2018-11-14,2018-11-01,2018,4,Wednesday,6528,81771.66666666667
2018-11-15,2018-11-01,2018,5,Thursday,6261,81771.66666666667
2018-11-16,2018-11-01,2018,6,Friday,5163.5,81771.66666666667
2018-11-17,2018-11-01,2018,7,Saturday,1411,81771.66666666667
2018-11-18,2018-11-01,2018,1,Sunday,780.6666666666666,81771.66666666667
2018-11-19,2018-11-01,2018,2,Monday,7206.833333333333,81771.66666666667
2018-11-20,2018-11-01,2018,3,Tuesday,6707.833333333333,81771.66666666667
2018-11-21,2018-11-01,2018,4,Wednesday,5901.5,81771.66666666667
2018-11-22,2018-11-01,2018,5,Thursday,594.3333333333334,81771.66666666667
2018-11-23,2018-11-01,2018,6,Friday,2414.3333333333335,81771.66666666667
2018-11-24,2018-11-01,2018,7,Saturday,1159.5,81771.66666666667
2018-11-25,2018-11-01,2018,1,Sunday,731.3333333333334,81771.66666666667
2018-11-26,2018-11-01,2018,2,Monday,6989.5,81771.66666666667
2018-11-27,2018-11-01,2018,3,Tuesday,6544.5,81771.66666666667
2018-11-28,2018-11-01,2018,4,Wednesday,6186.833333333333,81771.66666666667
2018-11-29,2018-11-01,2018,5,Thursday,6447.166666666667,81771.66666666667
2018-11-30,2018-11-01,2018,6,Friday,5739.333333333333,81771.66666666667
2018-12-01,2018-12-01,2018,7,Saturday,1638.1666666666667,81909.83333333333
2018-12-02,2018-12-01,2018,1,Sunday,768.1666666666666,81909.83333333333
2018-12-03,2018-12-01,2018,2,Monday,6960.833333333333,81909.83333333333
2018-12-04,2018-12-01,2018,3,Tuesday,6704.833333333333,81909.83333333333
2018-12-05,2018-12-01,2018,4,Wednesday,6554.166666666667,81909.83333333333
2018-12-06,2018-12-01,2018,5,Thursday,5964.5,81909.83333333333
2018-12-07,2018-12-01,2018,6,Friday,5415.833333333333,81909.83333333333
2018-12-08,2018-12-01,2018,7,Saturday,1340.6666666666667,81909.83333333333
2018-12-09,2018-12-01,2018,1,Sunday,728.8333333333334,81909.83333333333
2018-12-10,2018-12-01,2018,2,Monday,6957.833333333333,81909.83333333333
2018-12-11,2018-12-01,2018,3,Tuesday,6677.166666666667,81909.83333333333
2018-12-12,2018-12-01,2018,4,Wednesday,6517.333333333333,81909.83333333333
2018-12-13,2018-12-01,2018,5,Thursday,6337.166666666667,81909.83333333333
2018-12-14,2018-12-01,2018,6,Friday,5652.333333333333,81909.83333333333
2018-12-15,2018-12-01,2018,7,Saturday,1439.1666666666667,81909.83333333333
2018-12-16,2018-12-01,2018,1,Sunday,752.1666666666666,81909.83333333333
2018-12-17,2018-12-01,2018,2,Monday,7102.5,81909.83333333333
2018-12-18,2018-12-01,2018,3,Tuesday,6763.833333333333,81909.83333333333
2018-12-19,2018-12-01,2018,4,Wednesday,6580.166666666667,81909.83333333333
2018-12-20,2018-12-01,2018,5,Thursday,6291.833333333333,81909.83333333333
2018-12-21,2018-12-01,2018,6,Friday,5463.833333333333,81909.83333333333
2018-12-22,2018-12-01,2018,7,Saturday,1344.3333333333333,81909.83333333333
2018-12-23,2018-12-01,2018,1,Sunday,889.8333333333334,81909.83333333333
2018-12-24,2018-12-01,2018,2,Monday,2274,81909.83333333333
2018-12-25,2018-12-01,2018,3,Tuesday,547.3333333333334,81909.83333333333
2018-12-26,2018-12-01,2018,4,Wednesday,4629.666666666667,81909.83333333333
2018-12-27,2018-12-01,2018,5,Thursday,5816.833333333333,81909.83333333333
2018-12-28,2018-12-01,2018,6,Friday,5344.333333333333,81909.83333333333
2018-12-29,2018-12-01,2018,7,Saturday,1355,81909.83333333333
2018-12-30,2018-12-01,2018,1,Sunday,851.6666666666666,81909.83333333333
2018-12-31,2018-12-01,2018,2,Monday,4347.333333333333,81909.83333333333
2019-01-01,2019-01-01,2019,3,Tuesday,1181.3333333333333,82174.66666666667
2019-01-02,2019-01-01,2019,4,Wednesday,6478,82174.66666666667
2019-01-03,2019-01-01,2019,5,Thursday,6605,82174.66666666667
2019-01-04,2019-01-01,2019,6,Friday,5996.666666666667,82174.66666666667
2019-01-05,2019-01-01,2019,7,Saturday,1508.6666666666667,82174.66666666667
2019-01-06,2019-01-01,2019,1,Sunday,802,82174.66666666667
2019-01-07,2019-01-01,2019,2,Monday,7185.166666666667,82174.66666666667
2019-01-08,2019-01-01,2019,3,Tuesday,6841.166666666667,82174.66666666667
2019-01-09,2019-01-01,2019,4,Wednesday,6683.5,82174.66666666667
2019-01-10,2019-01-01,2019,5,Thursday,6476.333333333333,82174.66666666667
2019-01-11,2019-01-01,2019,6,Friday,5788,82174.66666666667
2019-01-12,2019-01-01,2019,7,Saturday,1431.8333333333333,82174.66666666667
2019-01-13,2019-01-01,2019,1,Sunday,779.3333333333334,82174.66666666667
2019-01-14,2019-01-01,2019,2,Monday,7019.833333333333,82174.66666666667
2019-01-15,2019-01-01,2019,3,Tuesday,6637.833333333333,82174.66666666667
2019-01-16,2019-01-01,2019,4,Wednesday,6513.666666666667,82174.66666666667
2019-01-17,2019-01-01,2019,5,Thursday,6425.333333333333,82174.66666666667
2019-01-18,2019-01-01,2019,6,Friday,5505.333333333333,82174.66666666667
2019-01-19,2019-01-01,2019,7,Saturday,1292.6666666666667,82174.66666666667
2019-01-20,2019-01-01,2019,1,Sunday,642.8333333333334,82174.66666666667
2019-01-21,2019-01-01,2019,2,Monday,5608,82174.66666666667
2019-01-22,2019-01-01,2019,3,Tuesday,6439.166666666667,82174.66666666667
2019-01-23,2019-01-01,2019,4,Wednesday,6414.5,82174.66666666667
2019-01-24,2019-01-01,2019,5,Thursday,6174.5,82174.66666666667
2019-01-25,2019-01-01,2019,6,Friday,5249.333333333333,82174.66666666667
2019-01-26,2019-01-01,2019,7,Saturday,1340.1666666666667,82174.66666666667
2019-01-27,2019-01-01,2019,1,Sunday,774.6666666666666,82174.66666666667
2019-01-28,2019-01-01,2019,2,Monday,6883.5,82174.66666666667
2019-01-29,2019-01-01,2019,3,Tuesday,5926.166666666667,82174.66666666667
2019-01-30,2019-01-01,2019,4,Wednesday,3291.6666666666665,82174.66666666667
2019-01-31,2019-01-01,2019,5,Thursday,3684.5,82174.66666666667
2019-02-01,2019-02-01,2019,6,Friday,5654.833333333333,82358.16666666667
2019-02-02,2019-02-01,2019,7,Saturday,1515.3333333333333,82358.16666666667
2019-02-03,2019-02-01,2019,1,Sunday,768,82358.16666666667
2019-02-04,2019-02-01,2019,2,Monday,6952,82358.16666666667
2019-02-05,2019-02-01,2019,3,Tuesday,6735.5,82358.16666666667
2019-02-06,2019-02-01,2019,4,Wednesday,6349.333333333333,82358.16666666667
2019-02-07,2019-02-01,2019,5,Thursday,6457.833333333333,82358.16666666667
2019-02-08,2019-02-01,2019,6,Friday,5583.5,82358.16666666667
2019-02-09,2019-02-01,2019,7,Saturday,1447.8333333333333,82358.16666666667
2019-02-10,2019-02-01,2019,1,Sunday,796.6666666666666,82358.16666666667
2019-02-11,2019-02-01,2019,2,Monday,7073.5,82358.16666666667
2019-02-12,2019-02-01,2019,3,Tuesday,5993.166666666667,82358.16666666667
2019-02-13,2019-02-01,2019,4,Wednesday,6068.166666666667,82358.16666666667
2019-02-14,2019-02-01,2019,5,Thursday,6105.166666666667,82358.16666666667
2019-02-15,2019-02-01,2019,6,Friday,5555.833333333333,82358.16666666667
2019-02-16,2019-02-01,2019,7,Saturday,1452.6666666666667,82358.16666666667
2019-02-17,2019-02-01,2019,1,Sunday,804.1666666666666,82358.16666666667
2019-02-18,2019-02-01,2019,2,Monday,6302.666666666667,82358.16666666667
2019-02-19,2019-02-01,2019,3,Tuesday,6523.166666666667,82358.16666666667
2019-02-20,2019-02-01,2019,4,Wednesday,6217.666666666667,82358.16666666667
2019-02-21,2019-02-01,2019,5,Thursday,6031.333333333333,82358.16666666667
2019-02-22,2019-02-01,2019,6,Friday,5472.666666666667,82358.16666666667
2019-02-23,2019-02-01,2019,7,Saturday,1397.6666666666667,82358.16666666667
2019-02-24,2019-02-01,2019,1,Sunday,737.5,82358.16666666667
2019-02-25,2019-02-01,2019,2,Monday,6161,82358.16666666667
2019-02-26,2019-02-01,2019,3,Tuesday,6427.666666666667,82358.16666666667
2019-02-27,2019-02-01,2019,4,Wednesday,6207.166666666667,82358.16666666667
2019-02-28,2019-02-01,2019,5,Thursday,6393,82358.16666666667
2019-03-01,2019-03-01,2019,6,Friday,5763.333333333333,82936
2019-03-02,2019-03-01,2019,7,Saturday,1451.5,82936
2019-03-03,2019-03-01,2019,1,Sunday,809.3333333333334,82936
2019-03-04,2019-03-01,2019,2,Monday,6840.666666666667,82936
2019-03-05,2019-03-01,2019,3,Tuesday,6657.5,82936
2019-03-06,2019-03-01,2019,4,Wednesday,6567,82936
2019-03-07,2019-03-01,2019,5,Thursday,6460,82936
2019-03-08,2019-03-01,2019,6,Friday,5669,82936
2019-03-09,2019-03-01,2019,7,Saturday,1454.1666666666667,82936
2019-03-10,2019-03-01,2019,1,Sunday,801.6666666666666,82936
2019-03-11,2019-03-01,2019,2,Monday,7071.333333333333,82936
2019-03-12,2019-03-01,2019,3,Tuesday,6776.166666666667,82936
2019-03-13,2019-03-01,2019,4,Wednesday,6674.833333333333,82936
2019-03-14,2019-03-01,2019,5,Thursday,6393,82936
2019-03-15,2019-03-01,2019,6,Friday,5648,82936
2019-03-16,2019-03-01,2019,7,Saturday,1437.3333333333333,82936
2019-03-17,2019-03-01,2019,1,Sunday,816.3333333333334,82936
2019-03-18,2019-03-01,2019,2,Monday,6912.666666666667,82936
2019-03-19,2019-03-01,2019,3,Tuesday,6768.666666666667,82936
2019-03-20,2019-03-01,2019,4,Wednesday,6534.166666666667,82936
2019-03-21,2019-03-01,2019,5,Thursday,6335.666666666667,82936
2019-03-22,2019-03-01,2019,6,Friday,5604.333333333333,82936
2019-03-23,2019-03-01,2019,7,Saturday,1382.6666666666667,82936
2019-03-24,2019-03-01,2019,1,Sunday,973.1666666666666,82936
2019-03-25,2019-03-01,2019,2,Monday,6995.5,82936
2019-03-26,2019-03-01,2019,3,Tuesday,6712.833333333333,82936
2019-03-27,2019-03-01,2019,4,Wednesday,6486,82936
2019-03-28,2019-03-01,2019,5,Thursday,6310.333333333333,82936
2019-03-29,2019-03-01,2019,6,Friday,5488.166666666667,82936
2019-03-30,2019-03-01,2019,7,Saturday,1430.5,82936
2019-03-31,2019-03-01,2019,1,Sunday,810.6666666666666,82936
2019-04-01,2019-04-01,2019,2,Monday,7208.333333333333,83125.16666666667
2019-04-02,2019-04-01,2019,3,Tuesday,6620.666666666667,83125.16666666667
2019-04-03,2019-04-01,2019,4,Wednesday,6542.833333333333,83125.16666666667
2019-04-04,2019-04-01,2019,5,Thursday,6302.833333333333,83125.16666666667
2019-04-05,2019-04-01,2019,6,Friday,5592.5,83125.16666666667
2019-04-06,2019-04-01,2019,7,Saturday,1447,83125.16666666667
2019-04-07,2019-04-01,2019,1,Sunday,799.8333333333334,83125.16666666667
2019-04-08,2019-04-01,2019,2,Monday,6944.333333333333,83125.16666666667
2019-04-09,2019-04-01,2019,3,Tuesday,6702.666666666667,83125.16666666667
2019-04-10,2019-04-01,2019,4,Wednesday,6542.5,83125.16666666667
2019-04-11,2019-04-01,2019,5,Thursday,6382.666666666667,83125.16666666667
2019-04-12,2019-04-01,2019,6,Friday,5490,83125.16666666667
2019-04-13,2019-04-01,2019,7,Saturday,1406.1666666666667,83125.16666666667
2019-04-14,2019-04-01,2019,1,Sunday,763.3333333333334,83125.16666666667
2019-04-15,2019-04-01,2019,2,Monday,7033.166666666667,83125.16666666667
2019-04-16,2019-04-01,2019,3,Tuesday,6664.333333333333,83125.16666666667
2019-04-17,2019-04-01,2019,4,Wednesday,6402.5,83125.16666666667
2019-04-18,2019-04-01,2019,5,Thursday,6243.5,83125.16666666667
2019-04-19,2019-04-01,2019,6,Friday,5010.833333333333,83125.16666666667
2019-04-20,2019-04-01,2019,7,Saturday,1247.1666666666667,83125.16666666667
2019-04-21,2019-04-01,2019,1,Sunday,622.6666666666666,83125.16666666667
2019-04-22,2019-04-01,2019,2,Monday,6316.166666666667,83125.16666666667
2019-04-23,2019-04-01,2019,3,Tuesday,6154,83125.16666666667
2019-04-24,2019-04-01,2019,4,Wednesday,6134.166666666667,83125.16666666667
2019-04-25,2019-04-01,2019,5,Thursday,5937.333333333333,83125.16666666667
2019-04-26,2019-04-01,2019,6,Friday,5222.333333333333,83125.16666666667
2019-04-27,2019-04-01,2019,7,Saturday,1313.3333333333333,83125.16666666667
2019-04-28,2019-04-01,2019,1,Sunday,797.5,83125.16666666667
2019-04-29,2019-04-01,2019,2,Monday,7023.833333333333,83125.16666666667
2019-04-30,2019-04-01,2019,3,Tuesday,6869.833333333333,83125.16666666667
2019-05-01,2019-05-01,2019,4,Wednesday,6744.666666666667,82943.83333333333
2019-05-02,2019-05-01,2019,5,Thursday,6345.666666666667,82943.83333333333
2019-05-03,2019-05-01,2019,6,Friday,5531.833333333333,82943.83333333333
2019-05-04,2019-05-01,2019,7,Saturday,1373.5,82943.83333333333
2019-05-05,2019-05-01,2019,1,Sunday,805,82943.83333333333
2019-05-06,2019-05-01,2019,2,Monday,7034.666666666667,82943.83333333333
2019-05-07,2019-05-01,2019,3,Tuesday,6816.166666666667,82943.83333333333
2019-05-08,2019-05-01,2019,4,Wednesday,6621.5,82943.83333333333
2019-05-09,2019-05-01,2019,5,Thursday,6385.166666666667,82943.83333333333
2019-05-10,2019-05-01,2019,6,Friday,5572.333333333333,82943.83333333333
2019-05-11,2019-05-01,2019,7,Saturday,1365.1666666666667,82943.83333333333
2019-05-12,2019-05-01,2019,1,Sunday,731.8333333333334,82943.83333333333
2019-05-13,2019-05-01,2019,2,Monday,7144.666666666667,82943.83333333333
2019-05-14,2019-05-01,2019,3,Tuesday,6850.666666666667,82943.83333333333
2019-05-15,2019-05-01,2019,4,Wednesday,6640.333333333333,82943.83333333333
2019-05-16,2019-05-01,2019,5,Thursday,6379.333333333333,82943.83333333333
2019-05-17,2019-05-01,2019,6,Friday,5479.333333333333,82943.83333333333
2019-05-18,2019-05-01,2019,7,Saturday,1332.5,82943.83333333333
2019-05-19,2019-05-01,2019,1,Sunday,773.3333333333334,82943.83333333333
2019-05-20,2019-05-01,2019,2,Monday,6995,82943.83333333333
2019-05-21,2019-05-01,2019,3,Tuesday,6707.5,82943.83333333333
2019-05-22,2019-05-01,2019,4,Wednesday,6630.166666666667,82943.83333333333
2019-05-23,2019-05-01,2019,5,Thursday,6360,82943.83333333333
2019-05-24,2019-05-01,2019,6,Friday,5488.833333333333,82943.83333333333
2019-05-25,2019-05-01,2019,7,Saturday,1253.8333333333333,82943.83333333333
2019-05-26,2019-05-01,2019,1,Sunday,805.5,82943.83333333333
2019-05-27,2019-05-01,2019,2,Monday,943,82943.83333333333
2019-05-28,2019-05-01,2019,3,Tuesday,7000.833333333333,82943.83333333333
2019-05-29,2019-05-01,2019,4,Wednesday,6965.833333333333,82943.83333333333
2019-05-30,2019-05-01,2019,5,Thursday,6720.833333333333,82943.83333333333
2019-05-31,2019-05-01,2019,6,Friday,5620.5,82943.83333333333
2019-06-01,2019-06-01,2019,7,Saturday,1572.3333333333333,83099
2019-06-02,2019-06-01,2019,1,Sunday,758,83099
2019-06-03,2019-06-01,2019,2,Monday,7116.666666666667,83099
2019-06-04,2019-06-01,2019,3,Tuesday,6819.333333333333,83099
2019-06-05,2019-06-01,2019,4,Wednesday,6777.333333333333,83099
2019-06-06,2019-06-01,2019,5,Thursday,6545,83099
2019-06-07,2019-06-01,2019,6,Friday,5450.5,83099
2019-06-08,2019-06-01,2019,7,Saturday,1312.6666666666667,83099
2019-06-09,2019-06-01,2019,1,Sunday,781,83099
2019-06-10,2019-06-01,2019,2,Monday,7009.666666666667,83099
2019-06-11,2019-06-01,2019,3,Tuesday,6834.833333333333,83099
2019-06-12,2019-06-01,2019,4,Wednesday,6544.166666666667,83099
2019-06-13,2019-06-01,2019,5,Thursday,6433.833333333333,83099
2019-06-14,2019-06-01,2019,6,Friday,5508.666666666667,83099
2019-06-15,2019-06-01,2019,7,Saturday,1342.1666666666667,83099
2019-06-16,2019-06-01,2019,1,Sunday,724.5,83099
2019-06-17,2019-06-01,2019,2,Monday,6927.666666666667,83099
2019-06-18,2019-06-01,2019,3,Tuesday,6654,83099
2019-06-19,2019-06-01,2019,4,Wednesday,6535.166666666667,83099
2019-06-20,2019-06-01,2019,5,Thursday,6327.666666666667,83099
2019-06-21,2019-06-01,2019,6,Friday,5301.666666666667,83099
2019-06-22,2019-06-01,2019,7,Saturday,1277.6666666666667,83099
2019-06-23,2019-06-01,2019,1,Sunday,728.8333333333334,83099
2019-06-24,2019-06-01,2019,2,Monday,6784.666666666667,83099
2019-06-25,2019-06-01,2019,3,Tuesday,6511,83099
2019-06-26,2019-06-01,2019,4,Wednesday,6401,83099
2019-06-27,2019-06-01,2019,5,Thursday,6357.666666666667,83099
2019-06-28,2019-06-01,2019,6,Friday,5528.666666666667,83099
2019-06-29,2019-06-01,2019,7,Saturday,1250.3333333333333,83099
2019-06-30,2019-06-01,2019,1,Sunday,799.5,83099
2019-07-01,2019-07-01,2019,2,Monday,6922.5,82648
2019-07-02,2019-07-01,2019,3,Tuesday,6286.666666666667,82648
2019-07-03,2019-07-01,2019,4,Wednesday,6030.666666666667,82648
2019-07-04,2019-07-01,2019,5,Thursday,800.5,82648
2019-07-05,2019-07-01,2019,6,Friday,3898,82648
2019-07-06,2019-07-01,2019,7,Saturday,1175.8333333333333,82648
2019-07-07,2019-07-01,2019,1,Sunday,781.1666666666666,82648
2019-07-08,2019-07-01,2019,2,Monday,6814.166666666667,82648
2019-07-09,2019-07-01,2019,3,Tuesday,6603.166666666667,82648
2019-07-10,2019-07-01,2019,4,Wednesday,6597.833333333333,82648
2019-07-11,2019-07-01,2019,5,Thursday,6249.5,82648
2019-07-12,2019-07-01,2019,6,Friday,5379.666666666667,82648
2019-07-13,2019-07-01,2019,7,Saturday,1309.1666666666667,82648
2019-07-14,2019-07-01,2019,1,Sunday,737.8333333333334,82648
2019-07-15,2019-07-01,2019,2,Monday,6798,82648
2019-07-16,2019-07-01,2019,3,Tuesday,6486.5,82648
2019-07-17,2019-07-01,2019,4,Wednesday,6502.5,82648
2019-07-18,2019-07-01,2019,5,Thursday,6176.666666666667,82648
2019-07-19,2019-07-01,2019,6,Friday,5298.166666666667,82648
2019-07-20,2019-07-01,2019,7,Saturday,1288.3333333333333,82648
2019-07-21,2019-07-01,2019,1,Sunday,773.8333333333334,82648
2019-07-22,2019-07-01,2019,2,Monday,6729.666666666667,82648
2019-07-23,2019-07-01,2019,3,Tuesday,6601.5,82648
2019-07-24,2019-07-01,2019,4,Wednesday,6360.666666666667,82648
2019-07-25,2019-07-01,2019,5,Thursday,6015.166666666667,82648
2019-07-26,2019-07-01,2019,6,Friday,5143.333333333333,82648
2019-07-27,2019-07-01,2019,7,Saturday,1267.3333333333333,82648
2019-07-28,2019-07-01,2019,1,Sunday,758.3333333333334,82648
2019-07-29,2019-07-01,2019,2,Monday,6611.666666666667,82648
2019-07-30,2019-07-01,2019,3,Tuesday,6444,82648
2019-07-31,2019-07-01,2019,4,Wednesday,6362,82648
2019-08-01,2019-08-01,2019,5,Thursday,6131.666666666667,82532.66666666667
2019-08-02,2019-08-01,2019,6,Friday,5085,82532.66666666667
2019-08-03,2019-08-01,2019,7,Saturday,1274.8333333333333,82532.66666666667
2019-08-04,2019-08-01,2019,1,Sunday,773,82532.66666666667
2019-08-05,2019-08-01,2019,2,Monday,6593.833333333333,82532.66666666667
2019-08-06,2019-08-01,2019,3,Tuesday,6420.5,82532.66666666667
2019-08-07,2019-08-01,2019,4,Wednesday,6345.833333333333,82532.66666666667
2019-08-08,2019-08-01,2019,5,Thursday,6134.166666666667,82532.66666666667
2019-08-09,2019-08-01,2019,6,Friday,5179,82532.66666666667
2019-08-10,2019-08-01,2019,7,Saturday,1284.5,82532.66666666667
2019-08-11,2019-08-01,2019,1,Sunday,731.8333333333334,82532.66666666667
2019-08-12,2019-08-01,2019,2,Monday,6819.666666666667,82532.66666666667
2019-08-13,2019-08-01,2019,3,Tuesday,6590.166666666667,82532.66666666667
2019-08-14,2019-08-01,2019,4,Wednesday,6415,82532.66666666667
2019-08-15,2019-08-01,2019,5,Thursday,6167.833333333333,82532.66666666667
2019-08-16,2019-08-01,2019,6,Friday,5193.833333333333,82532.66666666667
2019-08-17,2019-08-01,2019,7,Saturday,1273.8333333333333,82532.66666666667
2019-08-18,2019-08-01,2019,1,Sunday,748.5,82532.66666666667
2019-08-19,2019-08-01,2019,2,Monday,6862.5,82532.66666666667
2019-08-20,2019-08-01,2019,3,Tuesday,6602.5,82532.66666666667
2019-08-21,2019-08-01,2019,4,Wednesday,6378,82532.66666666667
2019-08-22,2019-08-01,2019,5,Thursday,6184.833333333333,82532.66666666667
2019-08-23,2019-08-01,2019,6,Friday,5186.5,82532.66666666667
2019-08-24,2019-08-01,2019,7,Saturday,1252.3333333333333,82532.66666666667
2019-08-25,2019-08-01,2019,1,Sunday,698.1666666666666,82532.66666666667
2019-08-26,2019-08-01,2019,2,Monday,6780.5,82532.66666666667
2019-08-27,2019-08-01,2019,3,Tuesday,6642,82532.66666666667
2019-08-28,2019-08-01,2019,4,Wednesday,6480.666666666667,82532.66666666667
2019-08-29,2019-08-01,2019,5,Thursday,6073.5,82532.66666666667
2019-08-30,2019-08-01,2019,6,Friday,5238.333333333333,82532.66666666667
2019-08-31,2019-08-01,2019,7,Saturday,1200.6666666666667,82532.66666666667
2019-09-01,2019-09-01,2019,1,Sunday,959.8333333333334,82877.5
2019-09-02,2019-09-01,2019,2,Monday,914.3333333333334,82877.5
2019-09-03,2019-09-01,2019,3,Tuesday,6400,82877.5
2019-09-04,2019-09-01,2019,4,Wednesday,6575,82877.5
2019-09-05,2019-09-01,2019,5,Thursday,6458.666666666667,82877.5
2019-09-06,2019-09-01,2019,6,Friday,5790.5,82877.5
2019-09-07,2019-09-01,2019,7,Saturday,1447.6666666666667,82877.5
2019-09-08,2019-09-01,2019,1,Sunday,720.8333333333334,82877.5
2019-09-09,2019-09-01,2019,2,Monday,6930.5,82877.5
2019-09-10,2019-09-01,2019,3,Tuesday,6659.666666666667,82877.5
2019-09-11,2019-09-01,2019,4,Wednesday,6647.5,82877.5
2019-09-12,2019-09-01,2019,5,Thursday,6351.333333333333,82877.5
2019-09-13,2019-09-01,2019,6,Friday,5417.166666666667,82877.5
2019-09-14,2019-09-01,2019,7,Saturday,1359.8333333333333,82877.5
2019-09-15,2019-09-01,2019,1,Sunday,747.8333333333334,82877.5
2019-09-16,2019-09-01,2019,2,Monday,6963.666666666667,82877.5
2019-09-17,2019-09-01,2019,3,Tuesday,6714.666666666667,82877.5
2019-09-18,2019-09-01,2019,4,Wednesday,6636.833333333333,82877.5
2019-09-19,2019-09-01,2019,5,Thursday,6377.833333333333,82877.5
2019-09-20,2019-09-01,2019,6,Friday,5491.333333333333,82877.5
2019-09-21,2019-09-01,2019,7,Saturday,1419.6666666666667,82877.5
2019-09-22,2019-09-01,2019,1,Sunday,777.3333333333334,82877.5
2019-09-23,2019-09-01,2019,2,Monday,7111.666666666667,82877.5
2019-09-24,2019-09-01,2019,3,Tuesday,6785.666666666667,82877.5
2019-09-25,2019-09-01,2019,4,Wednesday,6715.333333333333,82877.5
2019-09-26,2019-09-01,2019,5,Thursday,6468,82877.5
2019-09-27,2019-09-01,2019,6,Friday,5526,82877.5
2019-09-28,2019-09-01,2019,7,Saturday,1440.6666666666667,82877.5
2019-09-29,2019-09-01,2019,1,Sunday,741.1666666666666,82877.5
2019-09-30,2019-09-01,2019,2,Monday,6803.166666666667,82877.5
2019-10-01,2019-10-01,2019,3,Tuesday,6879.333333333333,82999
2019-10-02,2019-10-01,2019,4,Wednesday,6658.333333333333,82999
2019-10-03,2019-10-01,2019,5,Thursday,6432.5,82999
2019-10-04,2019-10-01,2019,6,Friday,5605.166666666667,82999
2019-10-05,2019-10-01,2019,7,Saturday,1442.6666666666667,82999
2019-10-06,2019-10-01,2019,1,Sunday,694.1666666666666,82999
2019-10-07,2019-10-01,2019,2,Monday,7072.333333333333,82999
2019-10-08,2019-10-01,2019,3,Tuesday,6705.333333333333,82999
2019-10-09,2019-10-01,2019,4,Wednesday,6569.666666666667,82999
2019-10-10,2019-10-01,2019,5,Thursday,6454,82999
2019-10-11,2019-10-01,2019,6,Friday,5532.5,82999
2019-10-12,2019-10-01,2019,7,Saturday,1439,82999
2019-10-13,2019-10-01,2019,1,Sunday,717.5,82999
2019-10-14,2019-10-01,2019,2,Monday,6700.666666666667,82999
2019-10-15,2019-10-01,2019,3,Tuesday,6780.666666666667,82999
2019-10-16,2019-10-01,2019,4,Wednesday,6696.5,82999
2019-10-17,2019-10-01,2019,5,Thursday,6506.5,82999
2019-10-18,2019-10-01,2019,6,Friday,5683.5,82999
2019-10-19,2019-10-01,2019,7,Saturday,1491.6666666666667,82999
2019-10-20,2019-10-01,2019,1,Sunday,733.1666666666666,82999
2019-10-21,2019-10-01,2019,2,Monday,7264.666666666667,82999
2019-10-22,2019-10-01,2019,3,Tuesday,6871.333333333333,82999
2019-10-23,2019-10-01,2019,4,Wednesday,6875.166666666667,82999
2019-10-24,2019-10-01,2019,5,Thursday,6559.166666666667,82999
2019-10-25,2019-10-01,2019,6,Friday,5671,82999
2019-10-26,2019-10-01,2019,7,Saturday,1445,82999
2019-10-27,2019-10-01,2019,1,Sunday,757,82999
2019-10-28,2019-10-01,2019,2,Monday,7163.166666666667,82999
2019-10-29,2019-10-01,2019,3,Tuesday,6907.666666666667,82999
2019-10-30,2019-10-01,2019,4,Wednesday,6813.666666666667,82999
2019-10-31,2019-10-01,2019,5,Thursday,5880,82999
2019-11-01,2019-11-01,2019,6,Friday,5594.666666666667,83051.5
2019-11-02,2019-11-01,2019,7,Saturday,1416.8333333333333,83051.5
2019-11-03,2019-11-01,2019,1,Sunday,708.3333333333334,83051.5
2019-11-04,2019-11-01,2019,2,Monday,7145,83051.5
2019-11-05,2019-11-01,2019,3,Tuesday,7033.666666666667,83051.5
2019-11-06,2019-11-01,2019,4,Wednesday,6699.833333333333,83051.5
2019-11-07,2019-11-01,2019,5,Thursday,6392.166666666667,83051.5
2019-11-08,2019-11-01,2019,6,Friday,5641.166666666667,83051.5
2019-11-09,2019-11-01,2019,7,Saturday,1419.3333333333333,83051.5
2019-11-10,2019-11-01,2019,1,Sunday,733.1666666666666,83051.5
2019-11-11,2019-11-01,2019,2,Monday,6826.666666666667,83051.5
2019-11-12,2019-11-01,2019,3,Tuesday,6242.5,83051.5
2019-11-13,2019-11-01,2019,4,Wednesday,6638.5,83051.5
2019-11-14,2019-11-01,2019,5,Thursday,6537.666666666667,83051.5
2019-11-15,2019-11-01,2019,6,Friday,5756.666666666667,83051.5
2019-11-16,2019-11-01,2019,7,Saturday,1420.5,83051.5
2019-11-17,2019-11-01,2019,1,Sunday,743.3333333333334,83051.5
2019-11-18,2019-11-01,2019,2,Monday,7231.5,83051.5
2019-11-19,2019-11-01,2019,3,Tuesday,6860.5,83051.5
2019-11-20,2019-11-01,2019,4,Wednesday,6848.666666666667,83051.5
2019-11-21,2019-11-01,2019,5,Thursday,6564.166666666667,83051.5
2019-11-22,2019-11-01,2019,6,Friday,5829.166666666667,83051.5
2019-11-23,2019-11-01,2019,7,Saturday,1411.8333333333333,83051.5
2019-11-24,2019-11-01,2019,1,Sunday,758.5,83051.5
2019-11-25,2019-11-01,2019,2,Monday,7418.166666666667,83051.5
2019-11-26,2019-11-01,2019,3,Tuesday,6732.666666666667,83051.5
2019-11-27,2019-11-01,2019,4,Wednesday,6009.166666666667,83051.5
2019-11-28,2019-11-01,2019,5,Thursday,615.3333333333334,83051.5
2019-11-29,2019-11-01,2019,6,Friday,2546,83051.5
2019-11-30,2019-11-01,2019,7,Saturday,1231.5,83051.5
2019-12-01,2019-12-01,2019,1,Sunday,926,83301.83333333333
2019-12-02,2019-12-01,2019,2,Monday,6192.833333333333,83301.83333333333
2019-12-03,2019-12-01,2019,3,Tuesday,6831.833333333333,83301.83333333333
2019-12-04,2019-12-01,2019,4,Wednesday,6695.833333333333,83301.83333333333
2019-12-05,2019-12-01,2019,5,Thursday,6514.5,83301.83333333333
2019-12-06,2019-12-01,2019,6,Friday,5621.5,83301.83333333333
2019-12-07,2019-12-01,2019,7,Saturday,1353.3333333333333,83301.83333333333
2019-12-08,2019-12-01,2019,1,Sunday,751.8333333333334,83301.83333333333
2019-12-09,2019-12-01,2019,2,Monday,7147.166666666667,83301.83333333333
2019-12-10,2019-12-01,2019,3,Tuesday,6803.666666666667,83301.83333333333
2019-12-11,2019-12-01,2019,4,Wednesday,6228.833333333333,83301.83333333333
2019-12-12,2019-12-01,2019,5,Thursday,6404,83301.83333333333
2019-12-13,2019-12-01,2019,6,Friday,5614.333333333333,83301.83333333333
2019-12-14,2019-12-01,2019,7,Saturday,1386.1666666666667,83301.83333333333
2019-12-15,2019-12-01,2019,1,Sunday,754.8333333333334,83301.83333333333
2019-12-16,2019-12-01,2019,2,Monday,7201.833333333333,83301.83333333333
2019-12-17,2019-12-01,2019,3,Tuesday,6718.666666666667,83301.83333333333
2019-12-18,2019-12-01,2019,4,Wednesday,6594.166666666667,83301.83333333333
2019-12-19,2019-12-01,2019,5,Thursday,6420.666666666667,83301.83333333333
2019-12-20,2019-12-01,2019,6,Friday,5595.666666666667,83301.83333333333
2019-12-21,2019-12-01,2019,7,Saturday,1297,83301.83333333333
2019-12-22,2019-12-01,2019,1,Sunday,818,83301.83333333333
2019-12-23,2019-12-01,2019,2,Monday,6609.666666666667,83301.83333333333
2019-12-24,2019-12-01,2019,3,Tuesday,2508.8333333333335,83301.83333333333
2019-12-25,2019-12-01,2019,4,Wednesday,585.8333333333334,83301.83333333333
2019-12-26,2019-12-01,2019,5,Thursday,4143.333333333333,83301.83333333333
2019-12-27,2019-12-01,2019,6,Friday,4970.666666666667,83301.83333333333
2019-12-28,2019-12-01,2019,7,Saturday,1334,83301.83333333333
2019-12-29,2019-12-01,2019,1,Sunday,849.8333333333334,83301.83333333333
2019-12-30,2019-12-01,2019,2,Monday,6527.333333333333,83301.83333333333
2019-12-31,2019-12-01,2019,3,Tuesday,4295,83301.83333333333
